"['Fungicide', 'Wheat']"
"['Insect sting', 'Cat', 'Poultry Meat']"
"['Pollen', 'Cosmetics', 'Wheat', 'Milk']"
"['Cat', 'Buckwheat', 'Peanut', 'Tegretol']"
"['Cosmetics', 'Fish']"
['Balsam of Peru']
[]
"['House dust mite', 'Local anesthetics', 'Non-steroidal anti-inflammatories', 'Mustard']"
[]
['Egg']
['Cat']
"['Mustard', 'Non-steroidal anti-inflammatories']"
"['Cold stimuli', 'Mold']"
[]
[]
"['Dilantin', 'Cold stimuli', 'Milk', 'Fish']"
[]
"['Tegretol', 'Celery', 'Tree nut']"
[]
[]
"['House dust mite', 'Soy', 'Milk', 'Photographic developers']"
[]
"['Dog', 'Chromium']"
"['Tartrazine', 'Cosmetics']"
"['Fungicide', 'Garlic', 'Fish']"
[]
"['Insect sting', 'Perfume', 'Rice', 'Soy']"
[]
"['Non-steroidal anti-inflammatories', 'Chromium', 'Insect sting']"
"['Tartrazine', 'Mustard']"
"['Local anesthetics', 'Cold stimuli', 'Balsam of Peru', 'Balsam of Peru']"
['Mustard']
"['Garlic', 'Cobalt', 'Tetracycline', 'Tree nut']"
"['Rice', 'Gold', 'Cold stimuli', 'Garlic']"
[]
"['Tree nut', 'Dilantin', 'Sulfonamides', 'Mustard']"
"['Chromium', 'Sulfonamides', 'Sulfites']"
[]
[]
['Peanut']
['Tree nut']
[]
"['Oats', 'Chromium', 'Shellfish', 'Dilantin']"
"['Cat', 'Formaldehyde', 'House dust mite']"
['Penicillin']
"['Gold', 'Milk', 'Egg', 'Cosmetics']"
"['House dust mite', 'Latex', 'Mold']"
"['Milk', 'Dog', 'Balsam of Peru']"
"['Penicillin', 'Mold', 'Tartrazine']"
[]
['Nickel']
"['Tree nut', 'Wheat', 'Cephalosporins', 'Chromium']"
"['Celery', 'Cephalosporins', 'Insect sting']"
"['Cosmetics', 'Buckwheat', 'Fish']"
[]
"['Tegretol', 'Garlic', 'Latex', 'Tartrazine']"
['Cephalosporins']
"['Chromium', 'Fish', 'Rice', 'Balsam of Peru']"
['Fish']
"['Latex', 'Buckwheat', 'Dog']"
"['Formaldehyde', 'Pollen']"
"['Cold stimuli', 'Local anesthetics']"
"['Buckwheat', 'Photographic developers', 'Sulfites']"
"['Formaldehyde', 'Garlic']"
['Insect sting']
"['Mustard', 'Pollen']"
"['Photographic developers', 'Fungicide']"
"['Latex', 'Formaldehyde', 'Balsam of Peru', 'Garlic']"
['Tartrazine']
[]
"['Oats', 'Sesame']"
"['Dog', 'Tartrazine']"
"['House dust mite', 'Insect sting', 'Oats']"
"['Balsam of Peru', 'Fish']"
"['Fruit', 'Gold']"
"['Soy', 'Buckwheat']"
"['Tartrazine', 'Fish', 'Photographic developers']"
"['Balsam of Peru', 'Tegretol', 'Penicillin']"
"['Pollen', 'Balsam of Peru', 'Balsam of Peru']"
"['Maize', 'Pollen']"
"['Fruit', 'Formaldehyde']"
"['Buckwheat', 'Tetracycline', 'Balsam of Peru']"
"['Chromium', 'Gold']"
['Cephalosporins']
"['Formaldehyde', 'Cosmetics', 'Cobalt']"
"['Shellfish', 'Cat', 'Soy']"
[]
"['Rice', 'Balsam of Peru', 'Sesame', 'Formaldehyde']"
[]
['Dilantin']
"['Wheat', 'Insect sting', 'Cold stimuli', 'Tree nut']"
['Fish']
"['Peanut', 'Sesame', 'Tree nut']"
[]
['Rice']
['Balsam of Peru']
"['Fruit', 'Sulfonamides']"
"['Cobalt', 'Fruit', 'Fungicide', 'Maize']"
['Soy']
"['Latex', 'Garlic', 'Poultry Meat', 'Formaldehyde']"
"['Dog', 'Egg', 'Milk', 'Cephalosporins']"
['Cobalt']
[]
['Local anesthetics']
['Sulfonamides']
"['Sulfonamides', 'Chromium']"
"['Local anesthetics', 'Sesame', 'Tegretol']"
['Sulfites']
['Cobalt']
"['Maize', 'Chromium']"
['Fungicide']
"['Egg', 'Tree nut']"
"['Shellfish', 'Tetracycline', 'Milk', 'Sulfonamides']"
[]
"['Milk', 'Maize']"
"['Pollen', 'Mold', 'Cephalosporins']"
['Sulfonamides']
"['Wheat', 'Mustard', 'Celery']"
"['Latex', 'Cold stimuli', 'Balsam of Peru', 'Cobalt']"
"['House dust mite', 'Intravenous contrast dye', 'Water']"
"['Mustard', 'Dilantin', 'Fruit', 'Cosmetics']"
"['Garlic', 'Formaldehyde', 'Mold', 'Nickel']"
['Balsam of Peru']
['Milk']
"['Balsam of Peru', 'Fruit']"
['Poultry Meat']
[]
"['Soy', 'Fungicide', 'Peanut']"
"['House dust mite', 'Poultry Meat', 'Insect sting', 'Fruit']"
"['Photographic developers', 'Cosmetics', 'Buckwheat']"
['Soy']
"['Fruit', 'Cold stimuli']"
['Local anesthetics']
"['House dust mite', 'Fruit', 'Dilantin', 'Sesame']"
['Perfume']
"['Poultry Meat', 'Tegretol', 'Cold stimuli', 'Mold']"
[]
"['Insect sting', 'Garlic']"
"['Fruit', 'Fungicide', 'Gold', 'Nickel']"
"['Soy', 'Fish']"
"['Local anesthetics', 'Cat', 'Perfume']"
['Gold']
"['Balsam of Peru', 'Cosmetics', 'Tartrazine', 'Peanut']"
[]
"['Shellfish', 'Maize', 'Oats', 'Fungicide']"
"['Intravenous contrast dye', 'Pollen', 'Penicillin', 'Mustard']"
"['Nickel', 'Non-steroidal anti-inflammatories']"
[]
"['Peanut', 'Nickel']"
['Balsam of Peru']
"['Egg', 'Photographic developers', 'Sulfonamides', 'Balsam of Peru']"
[]
[]
"['Cold stimuli', 'Balsam of Peru']"
"['Water', 'Garlic', 'Nickel', 'Non-steroidal anti-inflammatories']"
"['Maize', 'Fruit']"
[]
"['Chromium', 'Mustard', 'Cat']"
"['Rice', 'Mold', 'Nickel', 'Gold']"
"['Sulfonamides', 'Balsam of Peru', 'Gold', 'Soy']"
"['Wheat', 'Water', 'Mold']"
['Cephalosporins']
"['Perfume', 'Penicillin', 'Sulfonamides', 'Garlic']"
"['Intravenous contrast dye', 'Tetracycline', 'Dilantin', 'Wheat']"
['Dog']
"['Buckwheat', 'Dog']"
"['Maize', 'Egg']"
"['Intravenous contrast dye', 'Fish', 'Sesame', 'Fruit']"
['Non-steroidal anti-inflammatories']
"['Formaldehyde', 'Maize', 'Nickel', 'Cold stimuli']"
"['Formaldehyde', 'Photographic developers', 'Rice', 'Fruit']"
[]
"['Sulfonamides', 'Oats', 'Celery', 'Balsam of Peru']"
[]
"['Chromium', 'Cold stimuli', 'Perfume', 'Balsam of Peru']"
['Non-steroidal anti-inflammatories']
[]
"['Fungicide', 'Mustard']"
"['Fish', 'Mustard', 'Cold stimuli']"
"['Tree nut', 'Cat', 'Cobalt']"
"['Balsam of Peru', 'Rice']"
[]
[]
['Pollen']
"['Intravenous contrast dye', 'Non-steroidal anti-inflammatories']"
[]
"['Local anesthetics', 'Peanut', 'Milk', 'Balsam of Peru']"
"['Gold', 'Balsam of Peru']"
['Gold']
[]
[]
['Gold']
"['Tegretol', 'Sulfonamides']"
"['Oats', 'Balsam of Peru']"
['Dog']
"['Cosmetics', 'Celery', 'House dust mite']"
"['Tree nut', 'Shellfish', 'Soy', 'Mustard']"
"['Dilantin', 'Balsam of Peru']"
[]
"['Mustard', 'Balsam of Peru', 'Chromium']"
"['Cosmetics', 'Buckwheat', 'Nickel', 'Sesame']"
"['Balsam of Peru', 'Formaldehyde', 'Tetracycline', 'Maize']"
"['Dog', 'Formaldehyde', 'Tartrazine', 'Wheat']"
"['Cobalt', 'Sulfonamides', 'Rice']"
"['Soy', 'Sulfites', 'Perfume', 'Fungicide']"
['Sesame']
['Pollen']
"['Sulfonamides', 'Pollen', 'Peanut', 'Wheat']"
[]
[]
[]
"['Cobalt', 'Milk', 'Shellfish']"
"['Dog', 'Fruit']"
"['Shellfish', 'Sesame', 'Cosmetics', 'Sulfonamides']"
[]
"['Balsam of Peru', 'Cobalt', 'Formaldehyde']"
"['Dog', 'Sulfonamides', 'Water']"
"['Soy', 'Wheat']"
"['Shellfish', 'Latex', 'Fungicide']"
"['Fish', 'Tree nut']"
"['Insect sting', 'Cephalosporins', 'Gold']"
"['Intravenous contrast dye', 'Peanut']"
"['Shellfish', 'Poultry Meat']"
"['Oats', 'Cosmetics', 'Egg', 'Cobalt']"
[]
"['Cosmetics', 'Sesame', 'House dust mite', 'Rice']"
[]
"['Balsam of Peru', 'Mustard', 'Rice']"
['Balsam of Peru']
[]
[]
[]
['Photographic developers']
"['Celery', 'Poultry Meat', 'Perfume']"
"['Celery', 'Maize', 'Sulfonamides', 'Garlic']"
"['Egg', 'Insect sting', 'Fish', 'Mold']"
"['Sulfites', 'Formaldehyde']"
"['Cold stimuli', 'Tree nut', 'Formaldehyde']"
"['Maize', 'Balsam of Peru', 'Milk']"
"['Wheat', 'Balsam of Peru', 'Egg', 'Perfume']"
"['Fish', 'Tartrazine']"
"['Wheat', 'Sesame', 'Tegretol', 'Egg']"
"['Insect sting', 'Latex', 'Tegretol']"
"['Local anesthetics', 'Cobalt', 'Cold stimuli', 'Mold']"
[]
['Buckwheat']
"['Tree nut', 'Cold stimuli']"
"['Wheat', 'Buckwheat', 'House dust mite']"
['Dog']
['Buckwheat']
"['Garlic', 'Oats', 'Pollen', 'Sulfonamides']"
"['Tartrazine', 'Cobalt']"
"['Penicillin', 'Sulfonamides', 'Poultry Meat']"
"['Tetracycline', 'Oats', 'Cat']"
"['Photographic developers', 'Cosmetics']"
['Tegretol']
"['Perfume', 'Rice', 'Peanut', 'Fruit']"
"['Sulfonamides', 'Wheat']"
['Sesame']
"['Non-steroidal anti-inflammatories', 'Tegretol']"
"['Poultry Meat', 'Celery', 'Milk', 'Mustard']"
"['Cat', 'Nickel', 'Latex', 'Perfume']"
[]
"['Fungicide', 'Penicillin', 'Nickel']"
['Milk']
"['Cosmetics', 'Gold']"
"['Tree nut', 'Maize', 'Dog']"
"['Wheat', 'Photographic developers']"
"['Peanut', 'Fish', 'Perfume', 'Tetracycline']"
"['Cold stimuli', 'Penicillin', 'Oats']"
"['Perfume', 'Garlic']"
"['Poultry Meat', 'Dog', 'Fruit']"
[]
"['Sulfites', 'House dust mite']"
"['Maize', 'Balsam of Peru', 'House dust mite']"
"['Tetracycline', 'House dust mite']"
['Tegretol']
"['Gold', 'Insect sting', 'Water']"
"['Dog', 'Egg', 'Latex']"
['Water']
[]
"['Water', 'Perfume', 'Fish', 'Oats']"
"['Local anesthetics', 'Milk', 'Photographic developers']"
"['Tartrazine', 'Tetracycline', 'Fungicide', 'Milk']"
"['Fruit', 'Insect sting']"
"['House dust mite', 'Cephalosporins']"
"['Photographic developers', 'Oats']"
['Sulfites']
"['Cat', 'Tree nut', 'Intravenous contrast dye', 'Wheat']"
"['Balsam of Peru', 'Balsam of Peru', 'Mustard']"
"['Sesame', 'Balsam of Peru', 'Sulfites', 'Maize']"
"['Fungicide', 'Chromium']"
[]
"['Cephalosporins', 'Local anesthetics', 'Balsam of Peru', 'Cosmetics']"
"['Buckwheat', 'Oats', 'Chromium', 'Water']"
"['Sulfites', 'Balsam of Peru', 'Celery', 'Water']"
"['Non-steroidal anti-inflammatories', 'Insect sting', 'Cobalt']"
[]
"['Fungicide', 'Rice']"
['Wheat']
['Sesame']
['Fungicide']
['Chromium']
[]
"['Tegretol', 'Milk', 'Sesame']"
[]
['Tree nut']
"['Milk', 'Cold stimuli', 'Cosmetics', 'Balsam of Peru']"
"['Garlic', 'Egg', 'Cold stimuli', 'Penicillin']"
"['Insect sting', 'Tetracycline', 'Maize']"
"['Cephalosporins', 'Sesame', 'Mold', 'Oats']"
['Cephalosporins']
"['Egg', 'Soy', 'Dog']"
"['Fruit', 'Sulfonamides', 'Cosmetics']"
"['Nickel', 'Photographic developers']"
"['Tetracycline', 'Intravenous contrast dye', 'Tegretol']"
"['Chromium', 'Non-steroidal anti-inflammatories', 'Fruit', 'Wheat']"
['Water']
['Pollen']
"['Nickel', 'Non-steroidal anti-inflammatories', 'Sulfites', 'House dust mite']"
"['Tartrazine', 'Insect sting']"
[]
"['Pollen', 'Mustard']"
"['Cobalt', 'Rice', 'Sesame']"
"['Perfume', 'Oats']"
[]
[]
"['Local anesthetics', 'Tetracycline']"
[]
['Gold']
[]
"['Non-steroidal anti-inflammatories', 'Perfume', 'Latex', 'Nickel']"
['Insect sting']
"['Sesame', 'Latex', 'Poultry Meat', 'Rice']"
[]
"['Fungicide', 'Cosmetics']"
"['Rice', 'Insect sting', 'Maize', 'Sulfonamides']"
[]
"['Water', 'Fungicide']"
[]
['Pollen']
"['Tegretol', 'Cold stimuli', 'Fruit']"
"['Intravenous contrast dye', 'Poultry Meat']"
[]
"['Egg', 'Mustard']"
"['Mold', 'Photographic developers', 'Tegretol']"
[]
['Sulfonamides']
"['Cat', 'Perfume', 'Cobalt']"
[]
"['Water', 'Garlic']"
[]
"['Dilantin', 'Tegretol', 'Fish']"
"['Penicillin', 'Pollen']"
[]
"['Oats', 'Local anesthetics', 'Intravenous contrast dye']"
"['Soy', 'Egg', 'Tree nut', 'Milk']"
['Cephalosporins']
['Perfume']
[]
['Balsam of Peru']
"['Local anesthetics', 'Chromium']"
"['Peanut', 'Intravenous contrast dye', 'Dog']"
"['Insect sting', 'Formaldehyde']"
"['Cobalt', 'Pollen', 'Poultry Meat']"
"['Local anesthetics', 'Cosmetics']"
"['Cephalosporins', 'Pollen', 'Balsam of Peru']"
"['Oats', 'Cosmetics']"
[]
['Sulfites']
[]
"['Soy', 'Tegretol', 'Poultry Meat']"
"['Water', 'Mustard']"
"['Intravenous contrast dye', 'Tegretol', 'Egg']"
"['Fungicide', 'Dilantin', 'Formaldehyde', 'Balsam of Peru']"
"['Rice', 'Latex', 'Local anesthetics', 'Cat']"
"['Balsam of Peru', 'Cephalosporins', 'Mustard']"
['Cobalt']
"['Sulfites', 'Pollen']"
['Dilantin']
"['Sulfonamides', 'Cold stimuli', 'Mustard', 'Cobalt']"
['Penicillin']
"['Tetracycline', 'Insect sting', 'Egg']"
"['Mustard', 'Intravenous contrast dye', 'Fruit', 'Latex']"
['Sulfites']
['Balsam of Peru']
"['Shellfish', 'Nickel', 'Sulfonamides']"
['Fruit']
[]
"['Nickel', 'Photographic developers']"
['Tartrazine']
['Balsam of Peru']
"['Tartrazine', 'Cat', 'Photographic developers', 'Penicillin']"
"['Balsam of Peru', 'Cold stimuli', 'Peanut']"
"['Balsam of Peru', 'Sulfites', 'Balsam of Peru']"
['Cosmetics']
"['Fungicide', 'Shellfish', 'Tegretol']"
['Pollen']
"['Poultry Meat', 'Wheat', 'Dilantin']"
"['Formaldehyde', 'Tetracycline', 'Penicillin', 'Wheat']"
"['Sesame', 'Water', 'Cephalosporins']"
"['Dilantin', 'Rice', 'Celery', 'Soy']"
"['Tartrazine', 'Cosmetics', 'Milk', 'Soy']"
[]
['Sesame']
[]
['Wheat']
['Pollen']
['Cosmetics']
[]
"['Dog', 'Chromium', 'Celery', 'Cold stimuli']"
"['Fruit', 'Fish', 'Cold stimuli']"
"['Fish', 'Tree nut']"
"['Insect sting', 'House dust mite', 'Maize']"
"['Fruit', 'Tartrazine', 'Peanut', 'Balsam of Peru']"
"['Water', 'Nickel']"
"['Tartrazine', 'Oats', 'Local anesthetics', 'Peanut']"
"['Fungicide', 'Garlic', 'Cat']"
"['Shellfish', 'Mustard', 'Dog']"
[]
[]
[]
[]
"['Milk', 'Mustard']"
"['Celery', 'Tree nut']"
"['Fruit', 'Mustard', 'Local anesthetics', 'Oats']"
[]
"['Sesame', 'Cobalt']"
['Egg']
"['Water', 'Cat']"
"['Tegretol', 'Mustard', 'Tetracycline']"
[]
['Fish']
"['Balsam of Peru', 'Sulfonamides', 'Chromium']"
"['Soy', 'Balsam of Peru', 'Penicillin']"
"['Fish', 'House dust mite', 'Garlic', 'Chromium']"
[]
[]
"['Fungicide', 'Latex', 'Wheat']"
"['Wheat', 'Oats']"
['Sulfites']
"['Oats', 'Sulfonamides', 'Water', 'Pollen']"
[]
[]
"['Dilantin', 'Shellfish']"
[]
['Fruit']
"['House dust mite', 'Perfume', 'Egg']"
"['Photographic developers', 'Dilantin', 'Cobalt']"
"['Pollen', 'Poultry Meat', 'Balsam of Peru']"
"['Perfume', 'Local anesthetics', 'Sulfonamides']"
"['Wheat', 'Latex']"
['Perfume']
[]
"['Cobalt', 'Penicillin', 'Water']"
[]
"['Celery', 'Peanut']"
"['Maize', 'Photographic developers', 'Shellfish', 'Fish']"
['Tegretol']
"['Balsam of Peru', 'Milk', 'Tetracycline', 'Rice']"
[]
['Celery']
"['Local anesthetics', 'Milk', 'Dilantin', 'Shellfish']"
"['Tetracycline', 'Cephalosporins', 'Tegretol']"
[]
"['Insect sting', 'Cat']"
[]
"['Cobalt', 'Insect sting', 'Perfume']"
"['Rice', 'Dog', 'Nickel', 'Tree nut']"
[]
[]
"['Balsam of Peru', 'Balsam of Peru']"
[]
['Gold']
"['Non-steroidal anti-inflammatories', 'Milk', 'Insect sting']"
"['Formaldehyde', 'Milk']"
"['Garlic', 'Peanut', 'Sulfites']"
[]
"['Local anesthetics', 'House dust mite']"
"['Mold', 'Fruit', 'Pollen']"
['Rice']
"['Insect sting', 'Peanut', 'Pollen', 'Fungicide']"
[]
"['Insect sting', 'Balsam of Peru']"
"['Fungicide', 'Chromium', 'Peanut', 'Mustard']"
[]
[]
"['Buckwheat', 'Latex', 'Cat']"
"['Maize', 'Tree nut', 'Latex', 'Poultry Meat']"
"['Water', 'Tartrazine', 'Cosmetics']"
[]
[]
"['Egg', 'Sulfonamides', 'Mustard', 'Cephalosporins']"
"['Shellfish', 'Photographic developers', 'Fruit']"
"['Intravenous contrast dye', 'Cobalt', 'Gold']"
"['Tetracycline', 'Gold']"
[]
"['Intravenous contrast dye', 'Celery']"
['Mold']
['Peanut']
[]
"['Balsam of Peru', 'Cat', 'Egg', 'Water']"
"['Gold', 'Milk']"
[]
['Cold stimuli']
"['Sulfonamides', 'Non-steroidal anti-inflammatories']"
"['Celery', 'Chromium', 'Pollen', 'Tree nut']"
['Wheat']
"['Latex', 'Perfume', 'Fruit', 'Fish']"
[]
"['Mustard', 'Chromium', 'Local anesthetics']"
"['Gold', 'House dust mite', 'Mold', 'Balsam of Peru']"
[]
['Cosmetics']
"['Sulfites', 'Maize', 'Formaldehyde']"
"['Chromium', 'Wheat']"
['Shellfish']
['Tegretol']
"['Cobalt', 'Tree nut', 'Photographic developers']"
"['Mustard', 'Tartrazine']"
[]
[]
"['Poultry Meat', 'Cat', 'House dust mite']"
"['Soy', 'Egg']"
['Gold']
['Balsam of Peru']
['Tetracycline']
['Shellfish']
"['Tartrazine', 'Poultry Meat']"
['Nickel']
[]
['Tartrazine']
"['Balsam of Peru', 'Sulfites', 'Shellfish', 'Pollen']"
"['House dust mite', 'Dog']"
[]
"['Buckwheat', 'Cephalosporins', 'Peanut']"
[]
"['Chromium', 'Nickel']"
"['Egg', 'Cobalt', 'Balsam of Peru']"
"['Nickel', 'Maize', 'Balsam of Peru']"
"['Mustard', 'Nickel', 'Insect sting']"
"['Fungicide', 'Tree nut', 'Cosmetics', 'Water']"
"['Insect sting', 'Mold']"
['Pollen']
"['Fruit', 'Sesame']"
"['Balsam of Peru', 'Intravenous contrast dye', 'Rice', 'Photographic developers']"
"['Dilantin', 'Fish']"
"['Mold', 'Photographic developers', 'Formaldehyde']"
"['Tartrazine', 'Mold']"
"['Tegretol', 'Sulfonamides']"
"['Dog', 'Soy']"
[]
"['Chromium', 'Sesame', 'Penicillin']"
['Shellfish']
['Oats']
"['Cosmetics', 'Rice']"
"['Tree nut', 'Soy', 'Milk']"
"['Balsam of Peru', 'Cold stimuli', 'Shellfish', 'Dilantin']"
['Mold']
"['Dog', 'Local anesthetics']"
"['Latex', 'Soy', 'Egg', 'Tegretol']"
"['Formaldehyde', 'Tree nut', 'Pollen', 'Wheat']"
"['Fish', 'Maize']"
"['Fruit', 'Tetracycline', 'Shellfish']"
['Non-steroidal anti-inflammatories']
[]
['Dilantin']
"['Mold', 'Intravenous contrast dye', 'Dog', 'Milk']"
[]
['Celery']
['Sulfonamides']
"['Rice', 'Tree nut', 'Fungicide', 'Peanut']"
"['Water', 'Tartrazine', 'Fish']"
[]
[]
['Balsam of Peru']
"['Sulfites', 'Dog']"
['Milk']
"['Cobalt', 'Milk']"
"['Tree nut', 'Gold', 'Poultry Meat', 'Perfume']"
[]
"['Tree nut', 'Fruit']"
[]
"['Tetracycline', 'Gold', 'Fish', 'Penicillin']"
"['Mold', 'Local anesthetics', 'Wheat']"
[]
"['Balsam of Peru', 'Maize', 'Balsam of Peru']"
['Fungicide']
[]
"['Insect sting', 'Egg', 'Shellfish']"
['House dust mite']
[]
[]
[]
['Tegretol']
"['Cat', 'Poultry Meat', 'Insect sting']"
"['Fungicide', 'House dust mite', 'Cosmetics', 'Milk']"
"['Insect sting', 'Tegretol', 'Penicillin']"
['Insect sting']
"['Fish', 'Penicillin', 'Balsam of Peru']"
"['Perfume', 'Balsam of Peru']"
['Tree nut']
['Intravenous contrast dye']
[]
"['Pollen', 'Tegretol', 'Buckwheat']"
['Buckwheat']
"['Sulfonamides', 'Soy']"
['Mold']
"['Sulfites', 'Fish', 'Penicillin']"
"['Penicillin', 'Dog', 'Tartrazine', 'Rice']"
"['Sesame', 'Egg']"
"['Balsam of Peru', 'Fungicide']"
"['Maize', 'Wheat', 'Garlic', 'Photographic developers']"
[]
"['Penicillin', 'Garlic']"
"['Egg', 'Chromium', 'Sulfites']"
"['Fungicide', 'Sulfonamides', 'Oats']"
[]
"['Non-steroidal anti-inflammatories', 'Poultry Meat', 'Balsam of Peru', 'Milk']"
"['Balsam of Peru', 'Cosmetics', 'Dog']"
"['Penicillin', 'Sulfites']"
['Dilantin']
['Maize']
"['Wheat', 'Egg']"
"['Celery', 'Latex', 'Maize', 'Buckwheat']"
"['Fruit', 'Chromium', 'Celery']"
[]
[]
[]
[]
[]
"['Fruit', 'Balsam of Peru', 'Sulfites']"
"['Tegretol', 'Wheat', 'Maize']"
"['Nickel', 'Shellfish', 'Tartrazine', 'Peanut']"
"['Balsam of Peru', 'Balsam of Peru', 'Shellfish']"
"['House dust mite', 'Milk']"
"['Fish', 'Rice', 'Garlic']"
['Garlic']
['Cold stimuli']
"['Local anesthetics', 'Cosmetics', 'Tegretol']"
"['Garlic', 'Balsam of Peru', 'Fish', 'Egg']"
['Photographic developers']
"['Tartrazine', 'Soy', 'Milk', 'Mold']"
['Sulfites']
['Tetracycline']
"['Pollen', 'Dog']"
"['Shellfish', 'Balsam of Peru', 'Perfume']"
['Cephalosporins']
[]
"['Photographic developers', 'Soy', 'Sulfonamides', 'Balsam of Peru']"
['Fish']
"['Oats', 'Tree nut']"
"['Chromium', 'Rice', 'Latex', 'Cosmetics']"
['Maize']
[]
"['Tartrazine', 'Mustard', 'Local anesthetics']"
"['Tartrazine', 'Perfume', 'Cat']"
"['Fungicide', 'Perfume', 'Tegretol', 'Milk']"
"['Pollen', 'Local anesthetics']"
[]
['Cold stimuli']
"['Insect sting', 'Tetracycline', 'Water', 'Chromium']"
"['Cold stimuli', 'Fungicide', 'Penicillin']"
[]
"['Tetracycline', 'Cold stimuli']"
[]
"['Tartrazine', 'Balsam of Peru', 'Shellfish', 'Cat']"
[]
"['Cosmetics', 'Insect sting', 'Mustard']"
['Wheat']
"['Gold', 'Water']"
['Mustard']
['Local anesthetics']
['Maize']
"['Shellfish', 'Buckwheat']"
"['Wheat', 'Milk', 'Mold', 'Tree nut']"
[]
['Gold']
"['Insect sting', 'Penicillin', 'Poultry Meat']"
"['Non-steroidal anti-inflammatories', 'Perfume']"
"['Photographic developers', 'House dust mite', 'Intravenous contrast dye', 'Chromium']"
[]
"['Dog', 'Balsam of Peru']"
['Cosmetics']
"['Balsam of Peru', 'Cosmetics', 'Formaldehyde']"
[]
"['Sesame', 'Tartrazine']"
"['Buckwheat', 'Mustard', 'Poultry Meat']"
"['Pollen', 'Fish', 'Fruit']"
"['Penicillin', 'Intravenous contrast dye', 'Fish', 'Cat']"
[]
"['Perfume', 'Non-steroidal anti-inflammatories']"
"['Maize', 'Cold stimuli', 'Tartrazine']"
"['Cold stimuli', 'Nickel', 'Garlic', 'Non-steroidal anti-inflammatories']"
"['Cold stimuli', 'Balsam of Peru']"
['Balsam of Peru']
"['Buckwheat', 'Milk', 'Balsam of Peru']"
"['Shellfish', 'Tree nut', 'Balsam of Peru', 'Balsam of Peru']"
"['Egg', 'Tree nut', 'Tetracycline']"
"['Celery', 'Balsam of Peru', 'Cat']"
[]
"['Fish', 'House dust mite', 'Tegretol']"
['Cobalt']
"['Cold stimuli', 'Latex', 'Egg']"
['Latex']
['Non-steroidal anti-inflammatories']
['Non-steroidal anti-inflammatories']
"['Penicillin', 'Intravenous contrast dye', 'Cosmetics']"
[]
"['Oats', 'Dilantin']"
"['Cobalt', 'Water', 'Fungicide']"
"['Tegretol', 'Buckwheat', 'Formaldehyde']"
"['Latex', 'Balsam of Peru', 'Intravenous contrast dye', 'Wheat']"
"['Fish', 'Local anesthetics', 'Sulfonamides']"
"['Non-steroidal anti-inflammatories', 'Mold', 'Poultry Meat', 'Tegretol']"
"['Dilantin', 'Formaldehyde']"
"['Tartrazine', 'Egg', 'Cold stimuli']"
"['Tetracycline', 'Rice']"
"['Fish', 'Cephalosporins', 'Poultry Meat', 'Rice']"
"['Gold', 'Dog']"
[]
[]
['Pollen']
['Cat']
"['Cosmetics', 'Latex', 'Sulfites', 'Shellfish']"
"['Cobalt', 'Fungicide']"
['Mustard']
"['Chromium', 'Tree nut']"
['Celery']
['Intravenous contrast dye']
[]
"['Fish', 'Garlic']"
['Milk']
"['Balsam of Peru', 'Celery', 'Nickel', 'Perfume']"
"['Balsam of Peru', 'Latex', 'Cat']"
"['House dust mite', 'Water']"
"['Mustard', 'Balsam of Peru']"
[]
['Penicillin']
"['Latex', 'Sulfites', 'Nickel', 'Tetracycline']"
['Photographic developers']
[]
"['Water', 'Oats', 'Cobalt', 'Tetracycline']"
"['Fruit', 'Mustard', 'Pollen', 'Balsam of Peru']"
[]
"['Balsam of Peru', 'Formaldehyde', 'Cold stimuli', 'Intravenous contrast dye']"
"['Cold stimuli', 'Egg', 'Fruit']"
[]
"['Celery', 'Sesame', 'Photographic developers']"
['Gold']
"['Non-steroidal anti-inflammatories', 'Poultry Meat', 'Intravenous contrast dye', 'House dust mite']"
"['Insect sting', 'Rice']"
[]
"['House dust mite', 'Fruit', 'Celery', 'Perfume']"
['Egg']
"['Local anesthetics', 'Non-steroidal anti-inflammatories', 'Poultry Meat', 'Fish']"
"['Fungicide', 'Pollen', 'Celery', 'Balsam of Peru']"
"['Insect sting', 'Mold']"
"['Milk', 'Latex', 'Balsam of Peru', 'Fish']"
[]
['Tartrazine']
"['Celery', 'Peanut', 'Pollen', 'Gold']"
['Cold stimuli']
"['Oats', 'Local anesthetics', 'Fish']"
"['Poultry Meat', 'Dog', 'Tetracycline', 'Fruit']"
['Non-steroidal anti-inflammatories']
"['Egg', 'Latex', 'Fish', 'Tartrazine']"
[]
['Buckwheat']
"['Intravenous contrast dye', 'Buckwheat']"
"['Dilantin', 'Sulfites']"
"['Sesame', 'Maize', 'Balsam of Peru']"
"['Celery', 'Balsam of Peru', 'Photographic developers']"
"['Sulfonamides', 'Peanut']"
['Cat']
"['Tegretol', 'Milk', 'Celery', 'Buckwheat']"
"['Latex', 'Garlic']"
['Tegretol']
"['Chromium', 'Cephalosporins', 'Intravenous contrast dye']"
[]
"['Local anesthetics', 'Dog', 'Gold']"
"['Egg', 'Cat']"
"['Pollen', 'Fruit']"
['Peanut']
"['Intravenous contrast dye', 'House dust mite', 'Poultry Meat']"
['Chromium']
"['Tegretol', 'Milk', 'Pollen']"
"['Cephalosporins', 'Poultry Meat']"
['Tegretol']
"['Local anesthetics', 'Cold stimuli', 'Cat', 'Pollen']"
[]
[]
"['Tegretol', 'Cosmetics', 'Cat', 'Wheat']"
"['Tartrazine', 'Cobalt']"
"['Penicillin', 'Perfume', 'Tegretol', 'Dog']"
"['Cold stimuli', 'Buckwheat']"
[]
"['Insect sting', 'Wheat', 'Shellfish', 'Cobalt']"
['Cat']
[]
['Chromium']
"['Cat', 'Celery', 'Chromium']"
"['Nickel', 'Mustard']"
['Peanut']
"['Fungicide', 'Dog', 'Non-steroidal anti-inflammatories']"
[]
"['Balsam of Peru', 'Sulfonamides', 'Pollen']"
[]
"['Maize', 'Dilantin', 'Cat', 'Fungicide']"
[]
"['Water', 'Garlic', 'Mustard', 'Tegretol']"
"['Maize', 'Local anesthetics']"
['Cosmetics']
"['Buckwheat', 'Dilantin']"
"['Maize', 'Poultry Meat', 'Insect sting', 'Soy']"
"['Dilantin', 'Oats']"
['Chromium']
"['Insect sting', 'Garlic']"
"['Egg', 'Fungicide', 'Cold stimuli']"
"['Tetracycline', 'Soy', 'Dilantin', 'Celery']"
[]
[]
[]
"['Local anesthetics', 'Poultry Meat', 'Milk', 'Tetracycline']"
"['Fish', 'Dog']"
"['Wheat', 'Tetracycline', 'Perfume']"
[]
"['Fungicide', 'Mold', 'Cephalosporins', 'Perfume']"
"['Rice', 'Photographic developers', 'Nickel']"
"['Water', 'Rice', 'Fish', 'Garlic']"
"['Pollen', 'Penicillin', 'Gold']"
[]
"['Formaldehyde', 'Sulfites', 'Latex', 'Fungicide']"
[]
"['Fish', 'Egg']"
['Nickel']
['Sesame']
"['Latex', 'Cosmetics', 'Tree nut']"
"['Cold stimuli', 'Photographic developers', 'Fruit']"
['Fruit']
['Mold']
[]
"['Mold', 'Pollen', 'Mustard']"
['Rice']
['Mustard']
"['Gold', 'Cold stimuli', 'Tartrazine', 'Cephalosporins']"
[]
"['Dilantin', 'Dog', 'Cat']"
"['Egg', 'Cephalosporins', 'Maize', 'Soy']"
"['Garlic', 'Cobalt', 'Formaldehyde', 'Egg']"
"['Chromium', 'Fish', 'Balsam of Peru']"
"['Oats', 'Fungicide', 'Fish']"
"['Tree nut', 'Photographic developers', 'Balsam of Peru']"
['Tartrazine']
['Cold stimuli']
"['Latex', 'Perfume', 'Buckwheat', 'Chromium']"
"['Mold', 'Maize', 'Shellfish', 'Egg']"
"['Fruit', 'Tartrazine', 'Sulfonamides', 'House dust mite']"
[]
"['Maize', 'Tegretol', 'Cold stimuli']"
"['Garlic', 'Poultry Meat', 'Balsam of Peru']"
"['Shellfish', 'Pollen']"
"['Cobalt', 'Nickel', 'House dust mite', 'Shellfish']"
"['Shellfish', 'Poultry Meat', 'Balsam of Peru']"
[]
['Non-steroidal anti-inflammatories']
"['Formaldehyde', 'Fish', 'Buckwheat']"
"['Chromium', 'Gold', 'Local anesthetics', 'Cold stimuli']"
"['Sesame', 'Cosmetics', 'Tegretol', 'Non-steroidal anti-inflammatories']"
"['Balsam of Peru', 'House dust mite']"
['Sesame']
[]
['Egg']
"['Tegretol', 'Mold']"
"['Buckwheat', 'Cobalt', 'Fungicide', 'Sesame']"
[]
"['Balsam of Peru', 'Shellfish']"
"['Dilantin', 'Intravenous contrast dye', 'Balsam of Peru']"
"['Maize', 'Water', 'Fruit']"
[]
"['Peanut', 'Mold', 'Balsam of Peru']"
"['Soy', 'Oats']"
"['Tree nut', 'Balsam of Peru', 'Garlic', 'Penicillin']"
"['Pollen', 'Insect sting', 'Non-steroidal anti-inflammatories', 'Fungicide']"
['Water']
[]
['Gold']
['Cobalt']
"['Insect sting', 'Garlic', 'House dust mite']"
"['Sesame', 'Balsam of Peru', 'Mold', 'Dilantin']"
[]
"['Dilantin', 'Fungicide']"
"['Insect sting', 'Dilantin']"
['House dust mite']
['Pollen']
[]
"['Egg', 'Garlic', 'Buckwheat']"
[]
['Milk']
['Soy']
['Local anesthetics']
['Fungicide']
['Fungicide']
"['Tree nut', 'Garlic']"
[]
"['Sulfites', 'Cat', 'Shellfish']"
"['Tartrazine', 'Cobalt']"
"['Shellfish', 'Perfume']"
['Wheat']
[]
"['Cosmetics', 'Oats']"
[]
"['Latex', 'Cat']"
"['Penicillin', 'Mold', 'Egg', 'Maize']"
['Local anesthetics']
"['Photographic developers', 'Rice', 'Egg']"
['Oats']
"['Fungicide', 'Balsam of Peru']"
"['Oats', 'Latex']"
"['Peanut', 'Cold stimuli']"
[]
['Oats']
['Formaldehyde']
['Penicillin']
"['Tartrazine', 'Sesame']"
"['Perfume', 'Garlic']"
['Garlic']
"['Latex', 'Fruit', 'Oats']"
"['Tetracycline', 'Fungicide', 'Nickel']"
[]
"['Tetracycline', 'Sulfites', 'Fruit', 'Cold stimuli']"
['Garlic']
"['Sesame', 'Non-steroidal anti-inflammatories', 'Dilantin', 'Insect sting']"
"['House dust mite', 'Chromium', 'Intravenous contrast dye']"
"['Fish', 'Cosmetics', 'Local anesthetics']"
['Fungicide']
['Gold']
[]
"['Peanut', 'Fish', 'Pollen']"
"['Buckwheat', 'Chromium', 'Penicillin']"
"['Soy', 'Garlic', 'Water']"
[]
['Sulfonamides']
"['Poultry Meat', 'Balsam of Peru', 'Penicillin', 'Tree nut']"
['Chromium']
"['Buckwheat', 'Tegretol']"
"['Cobalt', 'Balsam of Peru']"
[]
['Celery']
['Buckwheat']
"['Water', 'Mustard', 'Cosmetics']"
"['Shellfish', 'Balsam of Peru']"
"['Wheat', 'Tetracycline', 'Pollen']"
['Oats']
"['Non-steroidal anti-inflammatories', 'Oats', 'Pollen']"
[]
"['Cold stimuli', 'Intravenous contrast dye']"
"['Shellfish', 'Photographic developers', 'Sesame']"
[]
"['Tree nut', 'Nickel', 'Chromium']"
"['Perfume', 'Soy', 'Shellfish']"
"['Garlic', 'Formaldehyde', 'Rice', 'Tree nut']"
"['Sulfonamides', 'Latex', 'Oats']"
"['Balsam of Peru', 'Cat', 'Tree nut', 'Perfume']"
[]
"['Fish', 'Peanut']"
"['Dilantin', 'Photographic developers', 'Balsam of Peru']"
['Local anesthetics']
"['Sulfites', 'Tree nut', 'Wheat', 'Non-steroidal anti-inflammatories']"
[]
"['Insect sting', 'Mold']"
[]
['Tetracycline']
"['Mustard', 'Wheat', 'Cold stimuli', 'Fish']"
"['Intravenous contrast dye', 'House dust mite']"
['Fungicide']
['Latex']
"['Sesame', 'Non-steroidal anti-inflammatories']"
"['Insect sting', 'Maize', 'Gold']"
"['Maize', 'Sulfonamides', 'Mold', 'Penicillin']"
"['Penicillin', 'Photographic developers']"
"['House dust mite', 'Egg', 'Cold stimuli']"
"['Balsam of Peru', 'Tartrazine']"
"['Dilantin', 'Cat']"
"['Mustard', 'Cosmetics', 'Perfume', 'Sesame']"
[]
[]
"['Gold', 'Sulfites', 'Fungicide', 'Chromium']"
"['Dilantin', 'Formaldehyde']"
['Tree nut']
[]
"['Tegretol', 'Dilantin', 'Peanut']"
"['Cat', 'Penicillin']"
['Formaldehyde']
"['Penicillin', 'Latex']"
"['Sesame', 'Balsam of Peru', 'Penicillin']"
['Non-steroidal anti-inflammatories']
['Cosmetics']
['Oats']
[]
