"['Ibuprofenforchildren', 'Olmesartan', 'Lercanidipine', 'Colchicine', 'Levetiracetam', 'Loratadine(Clarityn)', 'Phenoxymethylpenicillin']"
"['Backtotop', 'Fentanyl', 'Salbutamolinhaler', 'Timololeyedrops', 'Irbesartan', 'Backtotop']"
"['Montelukast', 'Phenoxymethylpenicillin', 'Clarithromycin', 'Sodiumcromoglicatecapsules', 'Paxlovid']"
[]
"['Naproxen', 'Dexamethasoneeyedrops', 'Carvedilol', 'Lercanidipine']"
"['Carbocisteine', 'Diltiazem', 'Zolpidem', 'Flucloxacillin']"
"['Dexamethasoneeyedrops', 'Betahistine']"
"['Methotrexate', 'Backtotop', 'Brinzolamide', 'Backtotop', 'Chlorhexidine', 'Timololeyedrops']"
"['Sotalol', 'Methylphenidateforchildren', 'Colchicine', 'Ferrousfumarate', 'Mebendazole']"
"['Losartan', 'Budesonidenasalspray', 'Hydrocortisonerectalfoam', 'Co-codamolforchildren', 'Hydrocortisonebuccaltablets']"
"['Heparinoid', 'Hydrocortisone', 'Quetiapine', 'Atenolol', 'Loratadine(Clarityn)', 'Diclofenac']"
"['Valproicacid', 'Olmesartan', 'Sodiumcromoglicateeyedrops', 'Co-careldopa', 'Pantoprazole', 'Nifedipine', 'Furosemide']"
"['Beclometasonenasalspray', 'Lidocaineskincream', 'Nefopam', 'Clobetasone', 'Ketoconazole', 'Bimatoprost']"
"['Benzydamine', 'Flucloxacillin', 'Lidocaineskincream', 'Azathioprine', 'Beclometasonetablets', 'Quetiapine', 'Indapamide']"
[]
"['Salbutamolinhaler', 'Docusate', 'Methylphenidateforchildren', 'Oxycodone', 'Backtotop', 'Baclofen', 'Beclometasoneinhalers']"
['Azathioprine']
"['Mirtazapine', 'Budesonidenasalspray', 'Rabeprazole', 'Heparinoid', 'Salbutamolinhaler']"
"['Ferroussulfate', 'Bumetanide', 'Bimatoprost', 'Hydrocortisoneforpilesanditchybottom']"
"['Fybogel(ispaghulahusk)', 'Solifenacin', 'Nystatin', 'Nortriptyline', 'Levothyroxine', 'Edoxaban', 'Domperidone']"
"['Azithromycin', 'Letrozole', 'Risperidone', 'Levothyroxine', 'Propranolol']"
"['Perindopril', 'Nortriptyline', 'Flucloxacillin', 'Paxlovid', 'Metoprolol', 'Hydrocortisoneinjections', 'Montelukast', 'Propranolol']"
"['Clonazepam', 'Tramadol']"
"['Apixaban', 'Backtotop', 'Sulfasalazine', 'Metoprolol', 'Atorvastatin', 'Co-codamolforadults']"
"['Valsartan', 'Loratadine(Clarityn)', 'Pregabalin', 'Mometasonenasalspray', 'Clonazepam', 'Lansoprazole']"
"['Molnupiravir(Lagevrio)', 'Fluoxetine(Prozac)', 'Ibuprofenandcodeine', 'Budesonidetablets,capsulesandgranules', 'Backtotop']"
"['Clotrimazoleforthrush(Canesten)', 'Lansoprazole', 'Backtotop', 'Acrivastine', 'Betamethasonetablets', 'Quetiapine', 'Amitriptylineforpainandmigraine']"
['Mometasonenasalspray']
['Morphine']
"['Backtotop', 'Co-beneldopa', 'Amitriptylineforpainandmigraine', 'Co-careldopa']"
"['Backtotop', 'Bendroflumethiazide', 'Loratadine(Clarityn)']"
"['Clotrimazoleforthrush(Canesten)', 'Co-beneldopa', 'Sertraline', 'Cinnarizine', 'Sulfasalazine', 'Simeticone']"
"['Lithium', 'Temazepam', 'Backtotop', 'Carbocisteine', 'Saxagliptin', 'Zopiclone']"
['Spironolactone']
"['Dapagliflozin', 'Candesartan', 'Backtotop', 'Spironolactone', 'Betamethasonetablets', 'Domperidone', 'Bimatoprost', 'Fluticasoneinhalers']"
"['Mirabegron', 'Codeine', 'Backtotop', 'Amoxicillin', 'Dexamethasoneeyedrops', 'Clotrimazolecream,sprayandsolution', 'Dipyridamole', 'Simeticone']"
"['Backtotop', 'Erythromycin', 'Hydrocortisonebuccaltablets']"
"['Saxagliptin', 'Backtotop', 'Co-dydramol', 'Clobetasone']"
['Ibuprofenforchildren']
"['Enalapril', 'Sitagliptin', 'Sildenafil(Viagra)']"
[]
"['Fluconazole', 'Dipyridamole', 'Colchicine', 'Backtotop', 'Budesonidenasalspray']"
"['Ropinirole', 'Nystatin', 'Timololeyedrops']"
"['Rivaroxaban', 'Pepto-Bismol(bismuthsubsalicylate)', 'Erythromycin', 'Sulfasalazine', 'Hydroxocobalamin', 'Fusidicacid', 'Pseudoephedrine(Sudafed)']"
"['Beclometasoneskincreams', 'Backtotop', 'Montelukast', 'Beclometasonenasalspray']"
"['Anastrozole', 'Flucloxacillin', 'Nifedipine', 'Glimepiride', 'Warfarin', 'Levothyroxine', 'Melatonin', 'Sotrovimab(Xevudy)']"
"['Ticagrelor', 'Buscopan(hyoscinebutylbromide)', 'Backtotop', 'Paracetamolforchildren(Calpol)', 'Nystatin', 'Melatonin']"
"['Backtotop', 'Backtotop', 'Backtotop', 'Spironolactone', 'Backtotop']"
"['Metoprolol', 'Backtotop', 'Mesalazine', 'Beclometasoneinhalers', 'Duloxetine', 'Ibuprofenforadults(Nurofen)']"
"['Ropinirole', 'Sumatriptan', 'Mometasonenasalspray', 'Colchicine', 'Budesonidetablets,capsulesandgranules', 'Alendronicacid', 'Irbesartan']"
"['Betamethasoneforeyes,earsandnose', 'Losartan', 'Trazodone', 'Paxlovid', 'Pioglitazone', 'Lidocaineformouthandthroat', 'Zopiclone']"
"['Sotalol', 'Phenoxymethylpenicillin', 'Cefalexin', 'Methotrexate', 'Metoclopramide', 'Methylphenidateforchildren', 'Cyanocobalamin', 'Ciprofloxacin']"
['Carbimazole']
"['Pioglitazone', 'Alogliptin', 'Clopidogrel', 'Oxybutynin', 'Beclometasonetablets', 'Carbimazole']"
"['Mometasoneforskin', 'Buprenorphineforpain', 'Pregabalin', 'Hydrocortisonebuccaltablets', 'Clobetasol', 'Hydrocortisoneinjections', 'Simvastatin']"
"['Phenytoin', 'Clotrimazoleforthrush(Canesten)', 'Fybogel(ispaghulahusk)', 'Pioglitazone', 'Lidocaineformouthandthroat']"
"['Sertraline', 'Lansoprazole', 'Alendronicacid', 'Valsartan', 'Atenolol', 'Rivaroxaban', 'Methadone']"
"['Dabigatran', 'Digoxin', 'Backtotop', 'Indapamide', 'Diltiazem', 'Ticagrelor', 'Brinzolamide']"
"['Metronidazole', 'Lercanidipine']"
"['Lactulose', 'Ciprofloxacin', 'Bimatoprost', 'Backtotop', 'Lidocaineforpilesanditchybottom', 'Hydroxychloroquine']"
"['Chlorhexidine', 'Amitriptylinefordepression']"
"['Levothyroxine', 'Dexamethasonetabletsandliquid', 'Atenolol']"
"['Betamethasoneforeyes,earsandnose', 'Backtotop', 'Fluticasonenasalsprayanddrops', 'Atenolol', 'Low-doseaspirin', 'Olmesartan', 'Tranexamicacid']"
"['Ibuprofenforadults(Nurofen)', 'Mebeverine', 'Dabigatran', 'Heparinoid', 'Hydrocortisoneinjections', 'Co-amoxiclav']"
['Backtotop']
"['Bisacodyl', 'Doxycycline', 'Isotretinoincapsules(Roaccutane)', 'Cinnarizine', 'Nystatin', 'Backtotop', 'Carvedilol']"
"['Backtotop', 'Allopurinol']"
"['Backtotop', 'Doxazosin', 'Senna', 'Mebeverine', 'Low-doseaspirin', 'Terbinafine', 'Lamotrigine', 'Sotalol']"
['Backtotop']
[]
"['Morphine', 'Lithium']"
"['Methotrexate', 'Lactulose', 'Simeticone']"
"['Risperidone', 'Flucloxacillin', 'Paroxetine', 'Co-codamolforchildren', 'Buscopan(hyoscinebutylbromide)', 'Nitrofurantoin']"
"['Spironolactone', 'Prochlorperazine', 'Nitrofurantoin']"
"['Backtotop', 'Flucloxacillin', 'Hyoscinehydrobromide(KwellsandJoy-Rides)']"
[]
"['Folicacid', 'Topiramate', 'Backtotop']"
"['Diazepam', 'Betamethasoneforskin', 'Dexamethasoneeyedrops']"
"['Backtotop', 'Salbutamolinhaler', 'Ropinirole', 'Backtotop', 'Linagliptin', 'Pravastatin', 'Lorazepam', 'Diclofenac']"
"['Isosorbidemononitrateandisosorbidedinitrate', 'Ticagrelor', 'Losartan', 'Ferrousfumarate', 'Backtotop']"
['Linagliptin']
"['Valsartan', 'Chlorphenamine(Piriton)', 'Felodipine', 'Budesonideinhalers', 'Mirabegron', 'Backtotop', 'Colchicine']"
"['Hydrocortisoneforpilesanditchybottom', 'Aspirinforpainrelief', 'Docusate']"
"['Allopurinol', 'Valproicacid', 'Azithromycin', 'Beclometasoneinhalers', 'Digoxin', 'Betamethasonetablets', 'Memantine']"
"['Mometasoneinhalers', 'Fentanyl', 'Diclofenac', 'Beclometasoneinhalers', 'Gaviscon(alginicacid)', 'Budesoniderectalfoamandenemas', 'Aspirin–low-dose,seeLow-doseaspirin']"
"['Tolterodine', 'Backtotop', 'Budesoniderectalfoamandenemas', 'Ibuprofenandcodeine', 'Melatonin', 'Cyclizine', 'Isotretinoingel(Isotrex)']"
[]
"['Ezetimibe', 'Colchicine', 'Empagliflozin']"
"['Clobetasone', 'Docusate', 'Backtotop', 'Fluoxetine(Prozac)']"
"['Docusate', 'Quetiapine', 'Clarithromycin', 'Backtotop', 'Terbinafine', 'Backtotop', 'Tadalafil', 'Budesoniderectalfoamandenemas']"
"['Beclometasoneinhalers', 'Mebendazole', 'Adalimumab', 'Nystatin']"
"['Pantoprazole', 'Pioglitazone', 'Citalopram', 'Sertraline', 'Backtotop', 'Latanoprost', 'Fluticasoneinhalers']"
"['Ferroussulfate', 'Linagliptin']"
"['Carbamazepine', 'Lansoprazole', 'Tolterodine', 'Senna', 'Methylphenidateforadults', 'Prednisolonetabletsandliquid']"
"['Anastrozole', 'Fusidicacid']"
"['Irbesartan', 'Dipyridamole', 'Co-careldopa', 'Betamethasonetablets', 'Methadone', 'Mesalazine', 'Nicorandil', 'Clotrimazoleforthrush(Canesten)']"
"['Cefalexin', 'Heparinoid', 'Edoxaban']"
"['Chlorphenamine(Piriton)', 'Backtotop', 'Bimatoprost', 'Fentanyl', 'Clopidogrel', 'Chloramphenicol', 'Anastrozole', 'Quetiapine']"
"['Pregabalin', 'Metoclopramide']"
"['Varenicline,seeChampix(varenicline)', 'Nicorandil', 'Mebendazole', 'Mesalazine', 'Esomeprazole', 'Hydrocortisoneforpilesanditchybottom']"
"['Backtotop', 'Olanzapine', 'Terbinafine', 'Dapagliflozin', 'Backtotop', 'Doxycycline', 'Co-careldopa', 'Olmesartan']"
"['Bumetanide', 'Backtotop', 'Carbimazole']"
"['Ibuprofenandcodeine', 'Quetiapine', 'Duloxetine', 'Methylphenidateforchildren', 'Levetiracetam', 'Peppermintoil', 'Cetirizine']"
['Levetiracetam']
['Remdesivir(Veklury)']
"['Lidocaineforpilesanditchybottom', 'Alendronicacid', 'Senna', 'Spironolactone', 'Aspirin–low-dose,seeLow-doseaspirin', 'Backtotop', 'Lamotrigine']"
['Warfarin']
"['Amitriptylineforpainandmigraine', 'Azathioprine', 'Backtotop', 'Indapamide', 'Betahistine', 'Metoclopramide', 'Sulfasalazine', 'Omeprazole']"
"['Co-dydramol', 'Tranexamicacid', 'Buprenorphineforpain', 'Nystatin', 'Hydrocortisonerectalfoam']"
['Sumatriptan']
"['Diazepam', 'Ciprofloxacin', 'Loratadine(Clarityn)', 'Backtotop', 'Fluticasoneskincreams', 'Ticagrelor']"
"['Backtotop', 'Ciprofloxacin', 'Sulfasalazine', 'Aciclovir(Zovirax)']"
"['Fexofenadine', 'Benzydamine', 'Backtotop']"
"['Timololeyedrops', 'Cyclizine', 'Backtotop', 'Mometasonenasalspray', 'Omeprazole']"
['Metformin']
"['Nefopam', 'Oxybutynin', 'Alogliptin', 'Betahistine', 'Valproicacid', 'Timololtablets', 'Sitagliptin']"
[]
"['Tamsulosin', 'Empagliflozin', 'Labetalol', 'Latanoprost']"
"['Isosorbidemononitrateandisosorbidedinitrate', 'Macrogol', 'Indapamide', 'Co-codaprin(aspirinandcodeine)', 'Metoclopramide', 'Ibuprofenandcodeine', 'Dosulepin']"
"['Oxycodone', 'Senna', 'Backtotop', 'Lidocaineformouthandthroat']"
"['Clarithromycin', 'Backtotop', 'Solifenacin', 'Pseudoephedrine(Sudafed)', 'Paxlovid', 'Lymecycline', 'Clobetasol']"
"['Metformin', 'Backtotop', 'Valsartan', 'Backtotop', 'Rabeprazole', 'Dosulepin', 'Pepto-Bismol(bismuthsubsalicylate)']"
"['Peppermintoil', 'Labetalol', 'Apixaban', 'Dabigatran', 'Methadone', 'Docusate']"
"['Terbinafine', 'Carvedilol', 'Amoxicillin', 'Montelukast', 'Linagliptin', 'Allopurinol', 'Morphine', 'Domperidone']"
"['Enalapril', 'Topiramate', 'Pregabalin']"
"['Azathioprine', 'Fybogel(ispaghulahusk)', 'Benzoylperoxide', 'Olanzapine', 'Methadone', 'Mesalazine', 'Simeticone']"
"['Bisoprolol', 'Levothyroxine', 'Nystatin', 'Fentanyl']"
"['Esomeprazole', 'Digoxin', 'Diltiazem', 'Backtotop', 'Benzoylperoxide', 'Oxycodone']"
"['Senna', 'Co-dydramol', 'Backtotop']"
"['Clobetasol', 'Cinnarizine', 'Codeine', 'Backtotop', 'Saxagliptin', 'Fluticasoneinhalers', 'Lorazepam']"
"['Nifedipine', 'Lidocaineforpilesanditchybottom', 'Apixaban', 'Ibuprofenforchildren', 'Clotrimazolecream,sprayandsolution', 'Hydrocortisonetablets', 'Cefalexin']"
"['Topiramate', 'Lorazepam', 'Timololeyedrops', 'Diazepam', 'Ramipril', 'Digoxin']"
"['Ranitidine', 'Backtotop', 'Timololeyedrops', 'Bisoprolol', 'Citalopram']"
"['Paxlovid', 'Pantoprazole', 'Rabeprazole', 'Carvedilol']"
"['Erythromycin', 'Buscopan(hyoscinebutylbromide)']"
[]
[]
['Loratadine(Clarityn)']
"['Zopiclone', 'Aspirinforpainrelief', 'Backtotop']"
"['Fluticasoneskincreams', 'Fluticasoneinhalers', 'Nitrofurantoin', 'Methadone', 'Donepezil', 'Nifedipine', 'Backtotop', 'Carbocisteine']"
"['Latanoprost', 'Budesonideinhalers', 'Digoxin']"
"['Amitriptylinefordepression', 'Domperidone']"
"['Verapamil', 'Sotalol', 'Mometasonenasalspray', 'Ferrousfumarate', 'Co-codamolforchildren', 'Warfarin']"
"['Backtotop', 'Lercanidipine', 'Backtotop', 'Metoclopramide']"
['Bisoprolol']
['Atorvastatin']
[]
"['Betamethasoneforeyes,earsandnose', 'Risperidone', 'Methotrexate', 'Linagliptin']"
"['Bimatoprost', 'Linagliptin', 'Amitriptylinefordepression', 'Amoxicillin', 'Ferroussulfate']"
"['Cyanocobalamin', 'Mesalazine']"
['Remdesivir(Veklury)']
"['Erythromycin', 'Lithium', 'Ibuprofenforadults(Nurofen)', 'Simeticone']"
"['Isotretinoingel(Isotrex)', 'Felodipine', 'Backtotop', 'Dabigatran', 'Backtotop']"
"['Tramadol', 'Ibuprofenandcodeine', 'Co-codaprin(aspirinandcodeine)', 'Solifenacin', 'Glimepiride', 'Macrogol']"
['Ibuprofenforadults(Nurofen)']
"['Eplerenone', 'Clopidogrel', 'Hydroxychloroquine']"
"['Bisoprolol', 'Pantoprazole']"
"['Dipyridamole', 'Flucloxacillin', 'Clopidogrel', 'Paracetamolforadults', 'Mesalazine', 'Backtotop', 'Dosulepin']"
[]
['Prednisolonetabletsandliquid']
['Clobetasone']
"['Memantine', 'Propranolol', 'Melatonin']"
"['Ranitidine', 'Simvastatin', 'Backtotop', 'Amlodipine']"
[]
"['Alendronicacid', 'Bisoprolol', 'Peppermintoil', 'Backtotop', 'Morphine', 'Carbimazole']"
"['Clobetasol', 'Amitriptylineforpainandmigraine', 'Zopiclone', 'Warfarin', 'Timololtablets', 'Beclometasoneinhalers', 'Co-careldopa', 'Diclofenac']"
[]
"['Zopiclone', 'Beclometasonenasalspray', 'Azithromycin', 'Backtotop', 'Thiamine(vitaminB1)', 'Dihydrocodeine']"
"['Dabigatran', 'Methylphenidateforadults', 'Budesonideinhalers', 'Indapamide', 'Hydrocortisoneforskin']"
"['Lorazepam', 'Sotalol', 'Solifenacin', 'Ticagrelor']"
"['Furosemide', 'Brinzolamide', 'Timololeyedrops']"
"['Clonazepam', 'Ibuprofenforchildren', 'Pepto-Bismol(bismuthsubsalicylate)', 'Duloxetine']"
"['Sumatriptan', 'Metronidazole', 'Co-codamolforchildren', 'Heparinoid', 'Escitalopram', 'Brinzolamide', 'Backtotop']"
"['Lansoprazole', 'Citalopram', 'Saxagliptin', 'Esomeprazole', 'Paroxetine']"
"['Baclofen', 'Backtotop', 'Montelukast', 'Budesoniderectalfoamandenemas', 'Ferrousfumarate', 'Nicorandil', 'Spironolactone', 'Beclometasoneinhalers']"
"['Hydrocortisonerectalfoam', 'Sodiumvalproate', 'Senna', 'Betamethasonetablets', 'Methylphenidateforchildren', 'Ramipril', 'Phenytoin']"
[]
"['Fluconazole', 'Doxycycline', 'Ibuprofenforadults(Nurofen)', 'Molnupiravir(Lagevrio)', 'Lorazepam', 'Sitagliptin']"
"['Cyclizine', 'Isosorbidemononitrateandisosorbidedinitrate', 'Dihydrocodeine', 'Verapamil', 'Sumatriptan', 'Eplerenone', 'Nifedipine', 'Sodiumvalproate']"
"['Backtotop', 'Pepto-Bismol(bismuthsubsalicylate)']"
"['Adalimumab', 'Mebendazole', 'Mesalazine']"
"['Ropinirole', 'Betamethasoneforeyes,earsandnose']"
"['Levothyroxine', 'Calcipotriol', 'Methadone']"
"['Backtotop', 'Erythromycin']"
[]
"['Acrivastine', 'Flucloxacillin', 'Methotrexate', 'Terbinafine', 'Ibuprofenandcodeine']"
"['Sodiumvalproate', 'Mesalazine', 'Pravastatin']"
[]
"['Bisoprolol', 'Backtotop', 'Promethazine(Phenergan)', 'Backtotop', 'Chloramphenicol', 'Sotalol', 'Paroxetine', 'Gliclazide']"
"['Letrozole', 'Dosulepin', 'Latanoprost', 'Pravastatin', 'Pepto-Bismol(bismuthsubsalicylate)']"
[]
"['Buscopan(hyoscinebutylbromide)', 'Dabigatran', 'Pseudoephedrine(Sudafed)', 'Fusidicacid', 'Co-codamolforchildren', 'Fluticasoneinhalers', 'Nicorandil', 'Esomeprazole']"
[]
[]
"['Isosorbidemononitrateandisosorbidedinitrate', 'Diphenhydramine', 'Co-codamolforchildren']"
['Spironolactone']
"['Cyclizine', 'Omeprazole', 'Levothyroxine', 'Topiramate', 'Erythromycin', 'Aspirinforpainrelief']"
"['Cefalexin', 'Amoxicillin', 'Hyoscinehydrobromide(KwellsandJoy-Rides)', 'Sumatriptan']"
"['Beclometasoneskincreams', 'Metoclopramide', 'Dipyridamole', 'Lansoprazole', 'Levothyroxine', 'Timololtablets', 'Lymecycline']"
"['Empagliflozin', 'Hydrocortisoneinjections', 'Phenoxymethylpenicillin', 'Fexofenadine', 'Azithromycin', 'Lercanidipine']"
['Sodiumvalproate']
"['Thiamine(vitaminB1)', 'Spironolactone', 'Budesonideinhalers', 'Pantoprazole', 'Calcipotriol', 'Donepezil']"
[]
"['Phenoxymethylpenicillin', 'Loratadine(Clarityn)']"
"['Chlorhexidine', 'Candesartan']"
"['Budesonidetablets,capsulesandgranules']"
"['Budesoniderectalfoamandenemas', 'Metoclopramide', 'Baclofen', 'Fluconazole', 'Mebeverine']"
"['Paracetamolforadults', 'Budesonideinhalers']"
"['Tolterodine', 'Backtotop', 'Hydrocortisoneinjections', 'Irbesartan', 'Bimatoprost', 'Citalopram', 'Perindopril', 'Edoxaban']"
"['Indapamide', 'Glimepiride', 'Lamotrigine', 'Sulfasalazine', 'Timololeyedrops']"
"['Ropinirole', 'Fluconazole', 'Lisinopril']"
"['Betahistine', 'Prednisolonetabletsandliquid', 'Lithium']"
"['Betamethasoneforskin', 'Betamethasonetablets', 'Oxybutynin', 'Topiramate']"
"['Backtotop', 'Methylphenidateforadults', 'Peppermintoil', 'Zolpidem', 'Amoxicillin', 'Enalapril', 'Lidocaineforpilesanditchybottom', 'Hyoscinehydrobromide(KwellsandJoy-Rides)']"
[]
"['Sotalol', 'Sodiumcromoglicatecapsules', 'Carmellosesodium', 'Levothyroxine', 'Backtotop']"
"['Zolpidem', 'Sertraline', 'Docusate', 'Hydrocortisonetablets', 'Mesalazine', 'Risedronate', 'Methylphenidateforadults', 'Simvastatin']"
"['Backtotop', 'Azathioprine', 'Backtotop']"
['Hydroxocobalamin']
['Methadone']
[]
"['Lidocaineformouthandthroat', 'Flucloxacillin', 'Phenoxymethylpenicillin', 'Rivaroxaban', 'Buprenorphineforpain']"
"['Dosulepin', 'Rabeprazole']"
"['Glyceryltrinitrate(GTN)', 'Co-amoxiclav', 'Hydrocortisonebuccaltablets', 'Anastrozole', 'Risedronate', 'Edoxaban']"
[]
"['Doxycycline', 'Baclofen']"
"['Betamethasonetablets', 'Chloramphenicol', 'Varenicline,seeChampix(varenicline)', 'Ramipril', 'Rabeprazole']"
"['Ranitidine', 'Mometasoneinhalers', 'Warfarin', 'Tranexamicacid', 'Peppermintoil']"
"['Budesonidetablets,capsulesandgranules', 'Enalapril', 'Timololtablets', 'Olmesartan']"
"['Lactulose', 'Sotalol']"
['Empagliflozin']
"['Metformin', 'Anastrozole', 'Azathioprine', 'Bendroflumethiazide', 'Fexofenadine', 'Hydrocortisone']"
"['Co-codamolforchildren', 'Amoxicillin', 'Ferrousfumarate', 'Sertraline', 'Venlafaxine']"
"['Sotrovimab(Xevudy)', 'Oxycodone', 'Venlafaxine', 'Beclometasonenasalspray', 'Hyoscinehydrobromide(KwellsandJoy-Rides)', 'Cyanocobalamin']"
[]
"['Glimepiride', 'Co-amoxiclav', 'Methotrexate', 'Backtotop']"
[]
"['Mebeverine', 'Clobetasone', 'Methotrexate', 'Ticagrelor', 'Quetiapine', 'Propranolol', 'Benzydamine']"
['Diphenhydramine']
[]
"['Beclometasonetablets', 'Hydrocortisoneinjections']"
"['Beclometasonetablets', 'Loratadine(Clarityn)', 'Edoxaban', 'Budesoniderectalfoamandenemas']"
"['Salbutamolinhaler', 'Baclofen', 'Budesoniderectalfoamandenemas', 'Edoxaban', 'Beclometasonetablets']"
"['Backtotop', 'Co-beneldopa', 'Perindopril', 'Ferroussulfate', 'Backtotop', 'Hydrocortisoneforskin']"
"['Backtotop', 'Gliclazide', 'Backtotop', 'Carbamazepine', 'Beclometasonetablets', 'Paracetamolforadults', 'Diltiazem']"
"['Doxycycline', 'Backtotop', 'Hydrocortisone', 'Lidocaineskincream', 'Betamethasoneforskin']"
['Eplerenone']
"['Beclometasoneskincreams', 'Backtotop', 'Labetalol', 'Backtotop', 'Valproicacid']"
"['Backtotop', 'Amitriptylinefordepression', 'Chlorphenamine(Piriton)', 'Ketoconazole', 'Letrozole']"
"['Lercanidipine', 'Hydrocortisonetablets', 'Fluoxetine(Prozac)', 'Atorvastatin', 'Bimatoprost', 'Metoclopramide', 'Molnupiravir(Lagevrio)']"
"['Methotrexate', 'Backtotop', 'Atenolol', 'Zopiclone']"
[]
"['Sodiumvalproate', 'Budesonideinhalers', 'Risperidone', 'Ropinirole', 'Fluticasoneskincreams', 'Hydroxocobalamin', 'Fluconazole', 'Erythromycin']"
"['Backtotop', 'Beclometasoneinhalers', 'Ropinirole', 'Mebendazole', 'Ibuprofenandcodeine', 'Methylphenidateforadults']"
['Gliclazide']
"['Felodipine', 'Amitriptylinefordepression', 'Lansoprazole', 'Methotrexate', 'Simvastatin', 'Betamethasonetablets', 'Tranexamicacid', 'Trimethoprim']"
"['Tamsulosin', 'Loperamide']"
"['Nifedipine', 'Beclometasoneinhalers', 'Hydroxocobalamin', 'Rabeprazole', 'Mometasonenasalspray', 'Tamsulosin']"
"['Betamethasoneforeyes,earsandnose']"
"['Carmellosesodium', 'Diphenhydramine', 'Doxycycline', 'Beclometasoneskincreams', 'Lymecycline', 'Olanzapine']"
"['Prochlorperazine', 'Clonazepam']"
[]
"['Morphine', 'Pregabalin', 'Tramadol', 'Ezetimibe']"
"['Hydrocortisone', 'Escitalopram', 'Temazepam', 'Macrogol', 'Felodipine']"
"['Alendronicacid', 'Clotrimazolecream,sprayandsolution', 'Carbocisteine', 'Paroxetine', 'Diphenhydramine', 'Cyanocobalamin', 'Promethazine(Phenergan)']"
[]
"['Backtotop', 'Amitriptylineforpainandmigraine', 'Hydrocortisonetablets', 'Carmellosesodium', 'Ticagrelor', 'Backtotop', 'Backtotop']"
"['Amitriptylinefordepression', 'Isotretinoincapsules(Roaccutane)', 'Thiamine(vitaminB1)', 'Topiramate', 'Lorazepam']"
"['Oxycodone', 'Dapagliflozin']"
"['Atorvastatin', 'Clotrimazolecream,sprayandsolution', 'Venlafaxine', 'Prednisolonetabletsandliquid']"
"['Colchicine', 'Saxagliptin', 'Buscopan(hyoscinebutylbromide)']"
"['Azithromycin', 'Fluticasonenasalsprayanddrops', 'Olanzapine', 'Mometasonenasalspray', 'Lactulose', 'Escitalopram', 'Sodiumvalproate']"
"['Fexofenadine', 'Carbimazole', 'Thiamine(vitaminB1)', 'Backtotop', 'Sodiumvalproate', 'Backtotop', 'Risedronate', 'Mirtazapine']"
['Lisinopril']
"['Backtotop', 'Venlafaxine', 'Allopurinol', 'Pseudoephedrine(Sudafed)', 'Risperidone']"
"['Escitalopram', 'Metronidazole', 'Amitriptylineforpainandmigraine']"
['Anastrozole']
"['Verapamil', 'Pseudoephedrine(Sudafed)', 'Candesartan']"
"['Docusate', 'Methylphenidateforchildren', 'Mebeverine', 'Dipyridamole', 'Tolterodine', 'Paxlovid', 'Doxycycline']"
"['Carvedilol', 'Solifenacin', 'Backtotop', 'Methylphenidateforchildren', 'Ferroussulfate', 'Hydrocortisonerectalfoam']"
"['Diclofenac', 'Backtotop']"
"['Carbamazepine', 'Felodipine']"
"['Fluticasonenasalsprayanddrops', 'Dexamethasoneeyedrops', 'Nitrofurantoin', 'Escitalopram']"
"['Cefalexin', 'Carbocisteine']"
"['Amlodipine', 'Methadone', 'Prochlorperazine', 'Backtotop']"
"['Bumetanide', 'Clobetasol', 'Dexamethasoneeyedrops', 'Backtotop', 'Clarithromycin', 'Nortriptyline', 'Propranolol']"
['Allopurinol']
"['Metoclopramide', 'Ranitidine', 'Fusidicacid']"
"['Methadone', 'Cefalexin', 'Hydrocortisonerectalfoam', 'Hydrocortisone', 'Dipyridamole']"
"['Phenytoin', 'Macrogol', 'Co-codamolforchildren']"
"['Methotrexate', 'Flucloxacillin', 'Co-careldopa', 'Duloxetine', 'Sulfasalazine', 'Fluticasoneinhalers', 'Backtotop', 'Backtotop']"
"['Tramadol', 'Backtotop', 'Paracetamolforadults', 'Nicorandil', 'Alogliptin', 'Spironolactone', 'Backtotop', 'Paroxetine']"
"['Alendronicacid', 'Olmesartan', 'Flucloxacillin']"
"['Citalopram', 'Betamethasonetablets', 'Empagliflozin', 'Diazepam', 'Fluticasoneskincreams']"
[]
"['Brinzolamide', 'Fluconazole', 'Mometasoneforskin', 'Low-doseaspirin', 'Spironolactone', 'Escitalopram', 'Hydroxychloroquine']"
"['Co-codamolforchildren', 'Levothyroxine', 'Ramipril', 'Baclofen', 'Timololtablets']"
"['Loperamide', 'Clotrimazoleforthrush(Canesten)', 'Montelukast', 'Nortriptyline', 'Hydrocortisonetablets', 'Tranexamicacid', 'Tadalafil', 'Beclometasoneinhalers']"
[]
['Nitrofurantoin']
['Prednisolonetabletsandliquid']
"['Isotretinoingel(Isotrex)', 'Methylphenidateforadults', 'Backtotop', 'Carvedilol', 'Backtotop', 'Diphenhydramine', 'Pravastatin', 'Ibuprofenandcodeine']"
"['Candesartan', 'Brinzolamide', 'Backtotop', 'Bendroflumethiazide', 'Benzoylperoxide']"
"['Fluticasoneskincreams', 'Rivaroxaban']"
"['Betamethasoneforskin', 'Losartan']"
"['Bisoprolol', 'Clotrimazoleforthrush(Canesten)', 'Fluticasonenasalsprayanddrops', 'Dipyridamole', 'Chloramphenicol', 'Empagliflozin']"
['Hydrocortisonetablets']
"['Backtotop', 'Dexamethasonetabletsandliquid', 'Lidocaineskincream', 'Risperidone']"
['Cetirizine']
"['Diclofenac', 'Dipyridamole', 'Clarithromycin', 'Benzoylperoxide', 'Citalopram', 'Backtotop']"
"['Hydrocortisonebuccaltablets', 'Paracetamolforchildren(Calpol)', 'Backtotop', 'Fluticasonenasalsprayanddrops', 'Heparinoid']"
['Rivaroxaban']
[]
"['Mebeverine', 'Hydrocortisonerectalfoam', 'Paracetamolforadults', 'Backtotop', 'Fluticasoneskincreams', 'Nifedipine']"
['Risedronate']
['Simeticone']
"['Ezetimibe', 'Lisinopril', 'Betamethasonetablets', 'Calcipotriol', 'Budesonideinhalers', 'Backtotop', 'Mirabegron', 'Eplerenone']"
"['Chlorhexidine', 'Nystatin', 'Enalapril', 'Hydrocortisoneforskin']"
"['Topiramate', 'Sodiumvalproate', 'Eplerenone']"
"['Labetalol', 'Baclofen', 'Backtotop', 'Lidocaineskincream', 'Timololeyedrops']"
"['Budesonideinhalers', 'Domperidone', 'Citalopram', 'Doxycycline', 'Chloramphenicol']"
"['Aciclovir(Zovirax)', 'Diazepam', 'Loperamide', 'Carvedilol', 'Clarithromycin', 'Backtotop', 'Metronidazole']"
"['Duloxetine', 'Edoxaban', 'Carbocisteine', 'Brinzolamide', 'Hydrocortisoneinjections']"
"['Backtotop', 'Donepezil', 'Paracetamolforadults', 'Lorazepam', 'Finasteride']"
"['Hyoscinehydrobromide(KwellsandJoy-Rides)', 'Carbamazepine', 'Ticagrelor', 'Loratadine(Clarityn)', 'Backtotop']"
"['Hyoscinehydrobromide(KwellsandJoy-Rides)', 'Methotrexate', 'Doxycycline', 'Clotrimazolecream,sprayandsolution', 'Tadalafil', 'Sumatriptan', 'Lymecycline', 'Amlodipine']"
['Co-codamolforchildren']
"['Backtotop', 'Macrogol']"
"['Pseudoephedrine(Sudafed)', 'Prednisolonetabletsandliquid', 'Mebeverine', 'Linagliptin']"
"['Warfarin', 'Co-dydramol', 'Lisinopril', 'Esomeprazole', 'Dexamethasoneeyedrops', 'Backtotop', 'Brinzolamide']"
"['Prednisolonetabletsandliquid', 'Timololeyedrops', 'Risperidone', 'Mesalazine', 'Verapamil']"
[]
"['Clarithromycin', 'Losartan', 'Tranexamicacid']"
"['Timololtablets', 'Ibuprofenforchildren', 'Codeine', 'Ferrousfumarate', 'Backtotop', 'Lercanidipine', 'Lidocaineformouthandthroat']"
[]
[]
"['Co-careldopa', 'Folicacid', 'Fybogel(ispaghulahusk)', 'Candesartan', 'Sodiumvalproate', 'Diltiazem']"
['Backtotop']
"['Beclometasoneinhalers', 'Backtotop', 'Co-codaprin(aspirinandcodeine)', 'Beclometasonenasalspray', 'Domperidone', 'Amoxicillin', 'Aciclovir(Zovirax)', 'Levetiracetam']"
"['Remdesivir(Veklury)', 'Peppermintoil', 'Prednisolonetabletsandliquid', 'Lansoprazole', 'Duloxetine']"
"['Tolterodine', 'Prochlorperazine', 'Tadalafil', 'Fluticasonenasalsprayanddrops', 'Paracetamolforadults', 'Lidocaineformouthandthroat', 'Methotrexate']"
"['Dabigatran', 'Loperamide', 'Folicacid']"
"['Glimepiride', 'Colchicine', 'Hydrocortisoneforpilesanditchybottom', 'Domperidone', 'Rivaroxaban', 'Losartan', 'Valproicacid', 'Sildenafil(Viagra)']"
"['Risedronate', 'Dipyridamole', 'Backtotop', 'Nystatin', 'Backtotop']"
['Amlodipine']
"['Azathioprine', 'Letrozole', 'Budesonidetablets,capsulesandgranules', 'Mometasonenasalspray', 'Carbamazepine', 'Buscopan(hyoscinebutylbromide)', 'Paxlovid', 'Isotretinoingel(Isotrex)']"
"['Hydroxychloroquine', 'Backtotop', 'Cyclizine']"
"['Topiramate', 'Duloxetine', 'Pepto-Bismol(bismuthsubsalicylate)', 'Ranitidine', 'Erythromycin', 'Zopiclone', 'Budesonideinhalers']"
"['Sotalol', 'Backtotop']"
"['Hyoscinehydrobromide(KwellsandJoy-Rides)', 'Gaviscon(alginicacid)', 'Aspirinforpainrelief', 'Backtotop', 'Backtotop', 'Prochlorperazine']"
"['Tadalafil', 'Tranexamicacid', 'Apixaban', 'Budesonidenasalspray', 'Tramadol']"
"['Fluticasonenasalsprayanddrops', 'Furosemide', 'Risedronate', 'Diazepam', 'Allopurinol', 'Carmellosesodium']"
"['Dihydrocodeine', 'Ciprofloxacin', 'Chloramphenicol']"
"['Beclometasoneinhalers', 'Apixaban', 'Olanzapine']"
"['Backtotop', 'Mometasonenasalspray', 'Tolterodine']"
[]
"['Betahistine', 'Cinnarizine', 'Methylphenidateforadults', 'Backtotop', 'Hyoscinehydrobromide(KwellsandJoy-Rides)', 'Felodipine', 'Backtotop', 'Pepto-Bismol(bismuthsubsalicylate)']"
['Backtotop']
"['Lactulose', 'Backtotop', 'Montelukast']"
"['Levothyroxine', 'Fybogel(ispaghulahusk)', 'Mebendazole', 'Zopiclone', 'Clobetasol', 'Backtotop', 'Folicacid']"
"['Carbamazepine', 'Escitalopram', 'Lactulose']"
"['Co-codaprin(aspirinandcodeine)', 'Omeprazole', 'Ticagrelor', 'Fentanyl', 'Latanoprost', 'Backtotop', 'Backtotop', 'Amitriptylineforpainandmigraine']"
"['Alendronicacid', 'Budesonidenasalspray', 'Terbinafine', 'Beclometasoneinhalers', 'Co-amoxiclav', 'Ferrousfumarate', 'Felodipine', 'Beclometasonetablets']"
"['Tranexamicacid', 'Ticagrelor']"
"['Prochlorperazine', 'Ranitidine']"
"['Labetalol', 'Nifedipine', 'Loratadine(Clarityn)', 'Pravastatin', 'Co-amoxiclav', 'Backtotop', 'Carmellosesodium', 'Bumetanide']"
"['Mebeverine', 'Linagliptin', 'Backtotop', 'Metoclopramide', 'Ezetimibe', 'Co-codaprin(aspirinandcodeine)', 'Backtotop', 'Methylphenidateforadults']"
"['Beclometasoneskincreams', 'Betamethasoneforeyes,earsandnose', 'Budesonidenasalspray']"
['Fusidicacid']
"['Bisacodyl', 'Nefopam', 'Isotretinoincapsules(Roaccutane)', 'Peppermintoil']"
"['Backtotop', 'Esomeprazole', 'Anastrozole', 'Chloramphenicol', 'Clopidogrel']"
"['Cyclizine', 'Peppermintoil', 'Chlorphenamine(Piriton)', 'Simeticone', 'Nifedipine', 'Ibuprofenandcodeine']"
"['Lidocaineskincream', 'Edoxaban', 'Methylphenidateforchildren', 'Pioglitazone', 'Tadalafil']"
"['Olanzapine', 'Champix(varenicline)', 'Backtotop']"
"['Morphine', 'Warfarin']"
"['Verapamil', 'Trimethoprim', 'Rosuvastatin', 'Topiramate', 'Budesoniderectalfoamandenemas', 'Dabigatran', 'Sitagliptin']"
"['Anastrozole', 'Methotrexate']"
"['Warfarin', 'Mesalazine']"
"['Carbocisteine', 'Dihydrocodeine', 'Thiamine(vitaminB1)', 'Beclometasonenasalspray', 'Phenytoin']"
"['Backtotop', 'Topiramate', 'Mirabegron', 'Verapamil', 'Lidocaineskincream', 'Tramadol', 'Sodiumcromoglicatecapsules', 'Ferrousfumarate']"
"['Mebeverine', 'Fybogel(ispaghulahusk)', 'Erythromycin', 'Backtotop', 'Backtotop', 'Phenytoin']"
"['Clonazepam', 'Aspirin–low-dose,seeLow-doseaspirin', 'Budesoniderectalfoamandenemas', 'Letrozole', 'Ketoconazole', 'Doxycycline']"
"['Backtotop', 'Ketoconazole', 'Backtotop', 'Co-codaprin(aspirinandcodeine)', 'Topiramate', 'Ticagrelor']"
"['Bisacodyl', 'Diphenhydramine', 'Backtotop', 'Naproxen']"
"['Diphenhydramine', 'Lidocaineformouthandthroat', 'Metformin']"
"['Ciprofloxacin', 'Prochlorperazine', 'Thiamine(vitaminB1)']"
"['Benzydamine', 'Erythromycin', 'Molnupiravir(Lagevrio)', 'Azathioprine', 'Eplerenone', 'Atorvastatin']"
[]
[]
"['Molnupiravir(Lagevrio)', 'Tadalafil', 'Pravastatin', 'Omeprazole', 'Alendronicacid']"
"['Backtotop', 'Lidocaineskincream', 'Dipyridamole', 'Lithium', 'Aspirinforpainrelief', 'Backtotop', 'Cefalexin', 'Hydrocortisonetablets']"
['Sotalol']
"['Mebeverine', 'Erythromycin', 'Simeticone', 'Nortriptyline', 'Metformin', 'Sodiumcromoglicateeyedrops', 'Champix(varenicline)']"
"['Co-codamolforadults', 'Bisacodyl', 'Adalimumab', 'Allopurinol', 'Levetiracetam', 'Ciprofloxacin']"
"['Candesartan', 'Dexamethasonetabletsandliquid', 'Clotrimazoleforthrush(Canesten)', 'Pepto-Bismol(bismuthsubsalicylate)', 'Fusidicacid']"
"['Beclometasonetablets', 'Dapagliflozin', 'Dosulepin', 'Propranolol']"
"['Betamethasoneforeyes,earsandnose', 'Terbinafine', 'Mometasonenasalspray', 'Paracetamolforadults', 'Spironolactone', 'Levetiracetam']"
"['Citalopram', 'Lactulose', 'Beclometasonenasalspray', 'Trazodone', 'Pioglitazone', 'Gaviscon(alginicacid)', 'Fluticasoneinhalers']"
"['Varenicline,seeChampix(varenicline)', 'Amlodipine', 'Simeticone']"
"['Isosorbidemononitrateandisosorbidedinitrate', 'Betahistine', 'Macrogol']"
"['Ketoconazole', 'Tranexamicacid']"
"['Mometasonenasalspray', 'Lansoprazole', 'Sitagliptin', 'Furosemide']"
"['Edoxaban', 'Temazepam', 'Sodiumcromoglicateeyedrops', 'Clobetasone']"
"['Backtotop', 'Alendronicacid', 'Beclometasonetablets']"
"['Mirabegron', 'Ibuprofenforchildren', 'Finasteride', 'Gliclazide', 'Sitagliptin']"
"['Backtotop', 'Mometasoneforskin', 'Valproicacid', 'Dexamethasoneeyedrops', 'Atenolol', 'Anastrozole']"
[]
"['Backtotop', 'Ferroussulfate', 'Backtotop', 'Champix(varenicline)']"
"['Timololeyedrops', 'Backtotop']"
[]
"['Amoxicillin', 'Mirabegron', 'Spironolactone', 'Varenicline,seeChampix(varenicline)', 'Betamethasonetablets', 'Backtotop']"
"['Lisinopril', 'Atorvastatin']"
"['Loratadine(Clarityn)', 'Oxycodone', 'Nifedipine']"
"['Clobetasone', 'Peppermintoil', 'Isosorbidemononitrateandisosorbidedinitrate', 'Fluticasoneskincreams', 'Naproxen', 'Aciclovir(Zovirax)', 'Methadone']"
"['Backtotop', 'Backtotop', 'Hydrocortisoneinjections']"
['Doxazosin']
"['Backtotop', 'Budesonidenasalspray', 'Backtotop', 'Carbamazepine', 'Lymecycline', 'Sodiumcromoglicatecapsules']"
"['Azithromycin', 'Lisinopril', 'Nystatin', 'Hydrocortisone', 'Thiamine(vitaminB1)', 'Sotrovimab(Xevudy)']"
"['Aciclovir(Zovirax)', 'Sotrovimab(Xevudy)', 'Bendroflumethiazide']"
"['Backtotop', 'Loratadine(Clarityn)']"
"['Paracetamolforchildren(Calpol)', 'Backtotop', 'Indapamide', 'Diltiazem', 'Olanzapine']"
"['Edoxaban', 'Rosuvastatin', 'Nicorandil', 'Carvedilol', 'Backtotop']"
"['Oxycodone', 'Carvedilol']"
"['Paracetamolforchildren(Calpol)', 'Gabapentin', 'Candesartan', 'Backtotop', 'Fluticasoneskincreams']"
[]
"['Budesonidetablets,capsulesandgranules', 'Diazepam', 'Backtotop', 'Amitriptylineforpainandmigraine', 'Buprenorphineforpain']"
[]
"['Nortriptyline', 'Buscopan(hyoscinebutylbromide)', 'Mometasonenasalspray', 'Clotrimazolecream,sprayandsolution', 'Candesartan', 'Propranolol', 'Clonazepam', 'Atenolol']"
"['Linagliptin', 'Beclometasonetablets', 'Metoprolol']"
"['Glimepiride', 'Valsartan', 'Hydrocortisoneforskin', 'Nifedipine', 'Chlorhexidine']"
"['Glimepiride', 'Empagliflozin', 'Fluticasonenasalsprayanddrops', 'Carbimazole', 'Backtotop', 'Losartan']"
"['Perindopril', 'Trazodone', 'Ticagrelor', 'Backtotop']"
"['Beclometasonetablets', 'Allopurinol', 'Olanzapine', 'Irbesartan', 'Lercanidipine', 'Backtotop', 'Backtotop', 'Budesonidetablets,capsulesandgranules']"
"['Ranitidine', 'Oxycodone', 'Co-dydramol', 'Sodiumcromoglicateeyedrops', 'Fexofenadine', 'Risedronate', 'Labetalol', 'Docusate']"
"['Beclometasonenasalspray', 'Zopiclone']"
"['Dexamethasonetabletsandliquid', 'Prednisolonetabletsandliquid', 'Fluticasoneskincreams', 'Fluoxetine(Prozac)', 'Backtotop', 'Folicacid', 'Hydrocortisonebuccaltablets']"
"['Tramadol', 'Glyceryltrinitrate(GTN)', 'Codeine', 'Letrozole', 'Fluticasoneskincreams', 'Backtotop']"
[]
[]
"['Venlafaxine', 'Fluoxetine(Prozac)', 'Diazepam', 'Backtotop', 'Mirtazapine']"
"['Methadone', 'Oxycodone']"
"['Carbocisteine', 'Backtotop', 'Rivaroxaban']"
"['Hydrocortisoneforskin', 'Atenolol', 'Azathioprine', 'Latanoprost']"
"['Irbesartan', 'Bendroflumethiazide', 'Mirtazapine', 'Chlorhexidine', 'Lansoprazole', 'Mometasoneinhalers', 'Amitriptylinefordepression', 'Diazepam']"
"['Esomeprazole', 'Cinnarizine', 'Lactulose', 'Backtotop', 'Chlorphenamine(Piriton)', 'Aspirinforpainrelief', 'Verapamil']"
"['Eplerenone', 'Molnupiravir(Lagevrio)', 'Pregabalin', 'Zopiclone', 'Dihydrocodeine', 'Fusidicacid', 'Betahistine']"
"['Salbutamolinhaler', 'Valproicacid']"
"['Eplerenone', 'Hydroxychloroquine', 'Topiramate', 'Lansoprazole', 'Prednisolonetabletsandliquid', 'Zopiclone', 'Clobetasol', 'Metoclopramide']"
"['Mebeverine', 'Buscopan(hyoscinebutylbromide)', 'Promethazine(Phenergan)', 'Backtotop', 'Budesonidetablets,capsulesandgranules', 'Amlodipine']"
['Perindopril']
"['Topiramate', 'Ciprofloxacin', 'Nortriptyline', 'Azathioprine', 'Valproicacid']"
"['Carbamazepine', 'Propranolol', 'Latanoprost', 'Co-amoxiclav', 'Rivaroxaban', 'Benzydamine', 'Mometasoneinhalers']"
"['Rabeprazole', 'Fluoxetine(Prozac)', 'Remdesivir(Veklury)', 'Amlodipine', 'Beclometasoneskincreams']"
"['Escitalopram', 'Lidocaineforpilesanditchybottom', 'Gliclazide', 'Warfarin', 'Methadone', 'Dipyridamole']"
"['Backtotop', 'Dexamethasonetabletsandliquid', 'Valproicacid', 'Finasteride', 'Verapamil']"
"['Prochlorperazine', 'Lithium', 'Backtotop', 'Lymecycline']"
"['Lisinopril', 'Ibuprofenforadults(Nurofen)']"
"['Mebendazole', 'Ibuprofenandcodeine', 'Clarithromycin', 'Terbinafine', 'Bendroflumethiazide', 'Simvastatin', 'Ramipril', 'Cinnarizine']"
"['Allopurinol', 'Benzydamine', 'Aspirinforpainrelief', 'Saxagliptin', 'Promethazine(Phenergan)', 'Atenolol']"
[]
"['Labetalol', 'Nicorandil', 'Backtotop']"
"['Ibuprofenandcodeine', 'Ibuprofenforchildren', 'Pioglitazone']"
"['Beclometasonetablets', 'Ranitidine']"
['Nitrofurantoin']
"['Sitagliptin', 'Timololeyedrops']"
"['Cyclizine', 'Backtotop', 'Nitrofurantoin']"
"['Pepto-Bismol(bismuthsubsalicylate)', 'Risperidone', 'Backtotop', 'Losartan', 'Backtotop', 'Fluconazole']"
"['Prednisolonetabletsandliquid', 'Olanzapine', 'Backtotop', 'Salbutamolinhaler', 'Lidocaineforpilesanditchybottom', 'Colchicine', 'Backtotop']"
[]
"['Backtotop', 'Budesonidenasalspray', 'Fusidicacid', 'Escitalopram', 'Budesonidetablets,capsulesandgranules', 'Sodiumcromoglicatecapsules', 'Montelukast']"
"['Sildenafil(Viagra)', 'Backtotop', 'Furosemide', 'Azathioprine']"
"['Amitriptylineforpainandmigraine', 'Diltiazem', 'Aspirin–low-dose,seeLow-doseaspirin']"
"['Isosorbidemononitrateandisosorbidedinitrate', 'Labetalol', 'Isotretinoingel(Isotrex)', 'Fluticasonenasalsprayanddrops', 'Backtotop', 'Losartan', 'Esomeprazole']"
"['Sodiumvalproate', 'Benzydamine', 'Sertraline', 'Beclometasonetablets', 'Verapamil', 'Fusidicacid', 'Low-doseaspirin']"
[]
"['Lymecycline', 'Erythromycin', 'Adalimumab', 'Backtotop']"
"['Fluticasonenasalsprayanddrops', 'Fluticasoneskincreams', 'Labetalol']"
"['Mebendazole', 'Beclometasonenasalspray']"
"['Betamethasoneforeyes,earsandnose', 'Backtotop', 'Diazepam', 'Beclometasoneskincreams', 'Senna', 'Lithium', 'Metronidazole']"
"['Loratadine(Clarityn)', 'Sertraline', 'Topiramate']"
"['Beclometasonenasalspray', 'Metronidazole', 'Mirtazapine']"
[]
"['Edoxaban', 'Tramadol', 'Apixaban', 'Valproicacid', 'Buscopan(hyoscinebutylbromide)', 'Thiamine(vitaminB1)']"
"['Bimatoprost', 'Omeprazole', 'Morphine', 'Felodipine', 'Citalopram', 'Fluticasoneskincreams']"
"['Amitriptylinefordepression', 'Brinzolamide', 'Paracetamolforchildren(Calpol)', 'Chlorhexidine']"
"['Ferroussulfate', 'Ramipril', 'Senna']"
['Backtotop']
"['Senna', 'Codeine']"
"['Acrivastine', 'Propranolol', 'Adalimumab', 'Backtotop', 'Rabeprazole']"
[]
"['Lansoprazole', 'Indapamide', 'Hydrocortisonetablets', 'Molnupiravir(Lagevrio)', 'Empagliflozin', 'Perindopril', 'Clarithromycin']"
"['Cinnarizine', 'Fybogel(ispaghulahusk)', 'Timololeyedrops', 'Atorvastatin', 'Backtotop']"
['Isotretinoincapsules(Roaccutane)']
['Methadone']
"['Flucloxacillin', 'Promethazine(Phenergan)', 'Candesartan']"
"['Isotretinoingel(Isotrex)', 'Digoxin', 'Fluticasoneskincreams', 'Dexamethasoneeyedrops', 'Ezetimibe', 'Melatonin']"
"['Rosuvastatin', 'Aciclovir(Zovirax)', 'Betahistine', 'Carbamazepine']"
['Co-codaprin(aspirinandcodeine)']
"['Zolpidem', 'Risedronate', 'Hydrocortisoneforpilesanditchybottom', 'Carbamazepine']"
"['Metronidazole', 'Mometasonenasalspray']"
"['Ferroussulfate', 'Adalimumab']"
"['Backtotop', 'Perindopril']"
"['Chlorhexidine', 'Co-codamolforadults', 'Salbutamolinhaler', 'Paracetamolforchildren(Calpol)', 'Spironolactone', 'Betamethasonetablets']"
[]
['Olanzapine']
['Amitriptylineforpainandmigraine']
[]
"['Pioglitazone', 'Zolpidem', 'Dexamethasonetabletsandliquid', 'Backtotop', 'Dipyridamole', 'Backtotop', 'Rabeprazole']"
"['Benzoylperoxide', 'Felodipine', 'Backtotop', 'Clonazepam']"
"['Carbocisteine', 'Hydrocortisoneforskin', 'Fluticasoneskincreams', 'Backtotop', 'Mometasoneforskin', 'Backtotop', 'Tramadol', 'Doxycycline']"
"['Co-codamolforadults', 'Sodiumcromoglicatecapsules', 'Beclometasonenasalspray', 'Pantoprazole', 'Backtotop', 'Finasteride', 'Backtotop']"
"['Salbutamolinhaler', 'Adalimumab', 'Sertraline', 'Quetiapine', 'Trazodone', 'Allopurinol']"
"['Co-codamolforchildren', 'Gliclazide', 'Sodiumcromoglicatecapsules', 'Ropinirole', 'Latanoprost']"
"['Betamethasonetablets', 'Nicorandil']"
"['Sildenafil(Viagra)', 'Champix(varenicline)']"
"['Azathioprine', 'Lidocaineformouthandthroat', 'Valsartan', 'Rabeprazole']"
"['Backtotop', 'Hydrocortisonetablets', 'Backtotop', 'Lercanidipine']"
"['Memantine', 'Backtotop']"
"['Omeprazole', 'Fusidicacid', 'Valsartan', 'Peppermintoil', 'Docusate', 'Nefopam', 'Terbinafine', 'Beclometasoneinhalers']"
"['Ropinirole', 'Edoxaban', 'Pantoprazole', 'Saxagliptin', 'Co-codamolforadults', 'Perindopril']"
"['Quetiapine', 'Carbocisteine', 'Tranexamicacid', 'Gabapentin', 'Docusate', 'Amitriptylineforpainandmigraine']"
"['Cefalexin', 'Clobetasone', 'Dihydrocodeine']"
[]
"['Methylphenidateforadults', 'Loratadine(Clarityn)', 'Backtotop', 'Alendronicacid', 'Mirabegron', 'Mometasoneinhalers', 'Co-beneldopa', 'Salbutamolinhaler']"
"['Dipyridamole', 'Trimethoprim', 'Aspirin–low-dose,seeLow-doseaspirin', 'Mometasoneforskin', 'Sertraline']"
"['Warfarin', 'Diclofenac', 'Timololeyedrops', 'Rabeprazole']"
"['Eplerenone', 'Clopidogrel', 'Latanoprost']"
[]
"['Bisacodyl', 'Carbocisteine', 'Spironolactone', 'Budesoniderectalfoamandenemas', 'Thiamine(vitaminB1)', 'Cyanocobalamin', 'Low-doseaspirin', 'Mometasoneinhalers']"
"['Lansoprazole', 'Sitagliptin', 'Calcipotriol', 'Carvedilol', 'Paracetamolforchildren(Calpol)']"
"['Lorazepam', 'Sildenafil(Viagra)', 'Methylphenidateforchildren']"
"['Baclofen', 'Azithromycin', 'Doxazosin', 'Doxycycline', 'Nortriptyline']"
"['Beclometasonetablets', 'Phenoxymethylpenicillin', 'Methotrexate', 'Loratadine(Clarityn)', 'Hydroxychloroquine', 'Fybogel(ispaghulahusk)', 'Tramadol']"
"['Nortriptyline', 'Aspirin–low-dose,seeLow-doseaspirin', 'Hydroxocobalamin', 'Benzoylperoxide']"
"['Atenolol', 'Mometasoneinhalers', 'Fusidicacid', 'Lactulose', 'Omeprazole', 'Backtotop', 'Mometasonenasalspray']"
['Enalapril']
"['Azathioprine', 'Risperidone', 'Ticagrelor', 'Domperidone', 'Loratadine(Clarityn)']"
"['Isosorbidemononitrateandisosorbidedinitrate', 'Hydrocortisoneforskin', 'Lactulose', 'Gabapentin', 'Lisinopril']"
"['Nifedipine', 'Topiramate', 'Methadone', 'Nystatin']"
"['Budesonideinhalers', 'Zolpidem', 'Peppermintoil', 'Fentanyl', 'Methylphenidateforchildren', 'Diclofenac', 'Aspirinforpainrelief', 'Buprenorphineforpain']"
"['Sulfasalazine', 'Tramadol', 'Esomeprazole', 'Omeprazole', 'Fentanyl', 'Verapamil', 'Amlodipine']"
"['Amlodipine', 'Hydrocortisonetablets']"
"['Bumetanide', 'Candesartan', 'Loperamide', 'Prochlorperazine', 'Carbamazepine', 'Gabapentin', 'Codeine', 'Oxycodone']"
"['Azithromycin', 'Cefalexin', 'Backtotop']"
[]
"['Hydroxocobalamin', 'Fluconazole', 'Levothyroxine', 'Saxagliptin', 'Acrivastine', 'Bimatoprost', 'Clobetasol', 'Backtotop']"
['Betamethasoneforskin']
"['Tranexamicacid', 'Donepezil', 'Mirtazapine', 'Chlorphenamine(Piriton)']"
"['Hydrocortisoneinjections', 'Quetiapine', 'Backtotop', 'Azithromycin', 'Cetirizine', 'Heparinoid']"
"['Hydrocortisonetablets', 'Backtotop', 'Nortriptyline', 'Nefopam', 'Chlorphenamine(Piriton)']"
['Eplerenone']
"['Omeprazole', 'Prednisolonetabletsandliquid', 'Felodipine']"
"['Prochlorperazine', 'Phenytoin', 'Heparinoid', 'Ramipril', 'Backtotop', 'Ferroussulfate', 'Dexamethasonetabletsandliquid', 'Solifenacin']"
"['Ciprofloxacin', 'Donepezil', 'Backtotop', 'Prochlorperazine', 'Fluoxetine(Prozac)', 'Paracetamolforadults', 'Linagliptin', 'Methylphenidateforchildren']"
"['Betamethasoneforskin', 'Fexofenadine', 'Pepto-Bismol(bismuthsubsalicylate)', 'Solifenacin', 'Escitalopram', 'Nortriptyline']"
"['Losartan', 'Ibuprofenforchildren']"
"['Losartan', 'Gliclazide', 'Oxybutynin', 'Amitriptylinefordepression', 'Doxazosin', 'Aspirin–low-dose,seeLow-doseaspirin', 'Amoxicillin']"
"['Peppermintoil', 'Flucloxacillin', 'Fybogel(ispaghulahusk)', 'Metformin', 'Paracetamolforadults']"
"['Felodipine', 'Labetalol', 'Donepezil', 'Backtotop', 'Pepto-Bismol(bismuthsubsalicylate)', 'Indapamide', 'Backtotop']"
"['Sodiumvalproate', 'Paracetamolforchildren(Calpol)', 'Mometasonenasalspray', 'Ketoconazole', 'Valproicacid', 'Rabeprazole', 'Phenytoin']"
"['Ciprofloxacin', 'Trimethoprim', 'Digoxin', 'Hydrocortisonetablets', 'Risperidone', 'Levetiracetam']"
"['Clarithromycin', 'Methylphenidateforadults', 'Linagliptin', 'Betamethasonetablets', 'Morphine', 'Backtotop', 'Fluticasoneinhalers', 'Isotretinoingel(Isotrex)']"
"['Lidocaineforpilesanditchybottom', 'Mometasoneinhalers', 'Beclometasoneinhalers', 'Backtotop', 'Hydrocortisoneforskin', 'Doxycycline', 'Zolpidem', 'Simvastatin']"
"['Chlorphenamine(Piriton)', 'Paracetamolforadults', 'Co-codaprin(aspirinandcodeine)', 'Backtotop', 'Propranolol', 'Backtotop', 'Ferroussulfate', 'Ibuprofenforadults(Nurofen)']"
['Saxagliptin']
"['Paracetamolforadults', 'Sulfasalazine', 'Fluticasoneskincreams', 'Budesonidenasalspray', 'Backtotop', 'Fluticasonenasalsprayanddrops']"
"['Tadalafil', 'Hydrocortisone', 'Fluoxetine(Prozac)', 'Paxlovid']"
['Backtotop']
"['Gabapentin', 'Backtotop', 'Memantine', 'Prochlorperazine', 'Backtotop']"
"['Ferrousfumarate', 'Ticagrelor', 'Baclofen', 'Propranolol']"
"['Oxybutynin', 'Lithium', 'Champix(varenicline)', 'Warfarin', 'Mometasoneforskin', 'Clonazepam']"
"['Co-codamolforadults', 'Paracetamolforadults', 'Budesonidetablets,capsulesandgranules', 'Nitrofurantoin', 'Fluoxetine(Prozac)', 'Sodiumcromoglicatecapsules', 'Dipyridamole', 'Oxycodone']"
"['Ibuprofenforadults(Nurofen)', 'Lisinopril']"
"['Cyanocobalamin', 'Flucloxacillin']"
"['Bimatoprost', 'Methadone', 'Furosemide', 'Co-codamolforchildren', 'Risedronate']"
"['Lidocaineformouthandthroat', 'Hydrocortisone', 'Sumatriptan', 'Methylphenidateforadults', 'Trazodone', 'Backtotop']"
"['Felodipine', 'Backtotop', 'Benzydamine']"
"['Duloxetine', 'Empagliflozin', 'Dapagliflozin', 'Mebeverine', 'Co-codaprin(aspirinandcodeine)', 'Methylphenidateforadults', 'Chlorphenamine(Piriton)', 'Carbamazepine']"
"['Carbamazepine', 'Timololtablets', 'Isotretinoingel(Isotrex)', 'Clotrimazolecream,sprayandsolution', 'Backtotop']"
"['Cinnarizine', 'Dosulepin', 'Mebendazole', 'Cyanocobalamin', 'Lidocaineformouthandthroat']"
"['Alendronicacid', 'Lidocaineforpilesanditchybottom', 'Timololeyedrops', 'Betamethasoneforeyes,earsandnose', 'Backtotop', 'Chlorphenamine(Piriton)']"
"['Loratadine(Clarityn)', 'Diphenhydramine']"
"['Carmellosesodium', 'Fexofenadine', 'Pravastatin', 'Low-doseaspirin', 'Escitalopram']"
"['Digoxin', 'Clobetasone', 'Benzoylperoxide']"
"['Duloxetine', 'Azathioprine', 'Lansoprazole', 'Morphine', 'Diclofenac']"
"['Paracetamolforadults', 'Macrogol', 'Pregabalin', 'Dexamethasoneeyedrops', 'Bisacodyl', 'Paxlovid', 'Amitriptylinefordepression']"
['Pepto-Bismol(bismuthsubsalicylate)']
"['Hydrocortisonerectalfoam', 'Sulfasalazine', 'Co-codaprin(aspirinandcodeine)', 'Ibuprofenforchildren', 'Mometasoneforskin', 'Hydroxychloroquine', 'Metronidazole', 'Hydrocortisonetablets']"
"['Methotrexate', 'Betamethasoneforeyes,earsandnose']"
"['Glyceryltrinitrate(GTN)', 'Promethazine(Phenergan)']"
"['Fluticasoneskincreams', 'Methylphenidateforadults', 'Ramipril', 'Cetirizine', 'Clobetasone', 'Oxycodone', 'Zopiclone', 'Nifedipine']"
"['Backtotop', 'Amitriptylinefordepression', 'Tamsulosin', 'Senna', 'Paxlovid', 'Methylphenidateforadults']"
"['Indapamide', 'Olanzapine', 'Aspirinforpainrelief', 'Codeine', 'Lidocaineskincream', 'Loratadine(Clarityn)', 'Adalimumab', 'Escitalopram']"
['Adalimumab']
"['Paracetamolforchildren(Calpol)', 'Nitrofurantoin', 'Backtotop', 'Chlorphenamine(Piriton)', 'Alendronicacid', 'Digoxin']"
"['Timololtablets', 'Backtotop', 'Nortriptyline', 'Champix(varenicline)', 'Prochlorperazine', 'Ramipril', 'Dabigatran', 'Lactulose']"
"['Sodiumcromoglicatecapsules', 'Ibuprofenforchildren']"
"['Ciprofloxacin', 'Ranitidine', 'Fybogel(ispaghulahusk)']"
"['Digoxin', 'Carbimazole']"
"['Levetiracetam', 'Solifenacin', 'Amitriptylineforpainandmigraine', 'Hydrocortisonebuccaltablets']"
"['Olanzapine', 'Backtotop', 'Co-codamolforchildren', 'Atorvastatin']"
[]
"['Trimethoprim', 'Sildenafil(Viagra)', 'Ticagrelor', 'Backtotop', 'Lercanidipine', 'Nortriptyline']"
"['Glyceryltrinitrate(GTN)', 'Mirabegron']"
"['Bendroflumethiazide', 'Doxycycline', 'Phenoxymethylpenicillin', 'Champix(varenicline)', 'Glyceryltrinitrate(GTN)', 'Venlafaxine', 'Fexofenadine']"
"['Doxazosin', 'Calcipotriol', 'Memantine']"
"['Hydrocortisonerectalfoam', 'Clotrimazoleforthrush(Canesten)', 'Mebeverine', 'Timololeyedrops', 'Metronidazole', 'Peppermintoil', 'Macrogol', 'Fluticasoneskincreams']"
"['Oxybutynin', 'Backtotop', 'Morphine']"
"['Nortriptyline', 'Hydrocortisoneforskin', 'Sodiumcromoglicatecapsules', 'Labetalol']"
"['Warfarin', 'Backtotop', 'Bumetanide']"
"['Propranolol', 'Chlorphenamine(Piriton)']"
"['Glimepiride', 'Nystatin']"
"['Hyoscinehydrobromide(KwellsandJoy-Rides)', 'Mirabegron', 'Pepto-Bismol(bismuthsubsalicylate)', 'Paroxetine']"
"['Co-beneldopa', 'Linagliptin']"
['Carbamazepine']
"['Low-doseaspirin', 'Clotrimazoleforthrush(Canesten)', 'Backtotop']"
"['Ferrousfumarate', 'Methotrexate', 'Olmesartan', 'Carbamazepine', 'Backtotop']"
"['Adalimumab', 'Duloxetine', 'Mirabegron', 'Alogliptin', 'Lithium', 'Paxlovid']"
[]
"['Calcipotriol', 'Valsartan', 'Duloxetine', 'Backtotop', 'Backtotop']"
[]
"['Cyanocobalamin', 'Heparinoid', 'Molnupiravir(Lagevrio)', 'Backtotop', 'Fluticasonenasalsprayanddrops', 'Digoxin', 'Peppermintoil', 'Sodiumvalproate']"
"['Budesonidetablets,capsulesandgranules', 'Pravastatin', 'Nefopam', 'Cefalexin', 'Bisoprolol', 'Doxycycline', 'Loratadine(Clarityn)']"
['Escitalopram']
"['Colchicine', 'Loratadine(Clarityn)', 'Backtotop', 'Isotretinoincapsules(Roaccutane)', 'Metronidazole', 'Fluticasonenasalsprayanddrops', 'Cinnarizine']"
['Lymecycline']
[]
"['Bumetanide', 'Alogliptin', 'Domperidone', 'Timololeyedrops']"
"['Digoxin', 'Backtotop', 'Sodiumcromoglicateeyedrops']"
"['Cyclizine', 'Ibuprofenforadults(Nurofen)', 'Backtotop', 'Memantine', 'Carbocisteine', 'Apixaban']"
"['Alogliptin', 'Colchicine', 'Mometasoneforskin', 'Spironolactone', 'Pregabalin']"
"['Beclometasonenasalspray', 'Gliclazide', 'Dosulepin']"
"['Clobetasone', 'Mometasonenasalspray', 'Apixaban', 'Irbesartan', 'Aciclovir(Zovirax)', 'Phenytoin', 'Ezetimibe', 'Flucloxacillin']"
"['Macrogol', 'Doxazosin', 'Fluconazole']"
"['Alendronicacid', 'Clotrimazolecream,sprayandsolution']"
"['Backtotop', 'Pregabalin', 'Macrogol', 'Paracetamolforadults', 'Prednisolonetabletsandliquid']"
[]
"['Nystatin', 'Co-dydramol', 'Valproicacid', 'Fexofenadine', 'Lidocaineskincream', 'Azathioprine', 'Backtotop']"
"['Spironolactone', 'Oxycodone', 'Buscopan(hyoscinebutylbromide)', 'Nicorandil', 'Methotrexate', 'Trazodone']"
[]
"['Dexamethasonetabletsandliquid', 'Solifenacin']"
['Backtotop']
"['Backtotop', 'Methylphenidateforchildren', 'Omeprazole', 'Acrivastine']"
"['Fentanyl', 'Tadalafil', 'Lamotrigine', 'Alendronicacid', 'Perindopril']"
[]
[]
"['Pepto-Bismol(bismuthsubsalicylate)', 'Pregabalin', 'Loratadine(Clarityn)', 'Sulfasalazine']"
"['Oxycodone', 'Sitagliptin', 'Folicacid', 'Dabigatran', 'Lymecycline', 'Lercanidipine', 'Phenytoin', 'Ferrousfumarate']"
"['Backtotop', 'Phenytoin', 'Clarithromycin', 'Metoclopramide', 'Allopurinol', 'Nitrofurantoin', 'Lansoprazole', 'Backtotop']"
"['Gliclazide', 'Hydrocortisoneinjections', 'Labetalol']"
['Dabigatran']
['Amitriptylineforpainandmigraine']
"['Carvedilol', 'Metoclopramide', 'Betamethasoneforeyes,earsandnose', 'Mometasonenasalspray', 'Acrivastine', 'Pioglitazone', 'Indapamide', 'Ticagrelor']"
"['Backtotop', 'Spironolactone', 'Clotrimazoleforthrush(Canesten)']"
[]
"['Candesartan', 'Olanzapine', 'Buprenorphineforpain', 'Amitriptylineforpainandmigraine', 'Flucloxacillin', 'Cinnarizine']"
"['Pepto-Bismol(bismuthsubsalicylate)', 'Cinnarizine', 'Allopurinol', 'Lidocaineforpilesanditchybottom', 'Paxlovid']"
['Prochlorperazine']
['Nortriptyline']
"['Linagliptin', 'Methylphenidateforadults', 'Backtotop', 'Hydrocortisonebuccaltablets', 'Ramipril']"
['Diclofenac']
[]
"['Clarithromycin', 'Budesonidetablets,capsulesandgranules', 'Mometasoneforskin', 'Finasteride', 'Zolpidem', 'Alendronicacid']"
[]
"['Methylphenidateforchildren', 'Chloramphenicol', 'Backtotop', 'Lidocaineformouthandthroat', 'Terbinafine']"
"['Oxybutynin', 'Methotrexate', 'Tamsulosin', 'Cefalexin', 'Hydrocortisonebuccaltablets', 'Benzydamine']"
"['Oxycodone', 'Co-codaprin(aspirinandcodeine)', 'Esomeprazole', 'Carmellosesodium']"
"['Backtotop', 'Lymecycline', 'Amitriptylinefordepression', 'Valproicacid', 'Dosulepin']"
"['Ramipril', 'Pioglitazone', 'Doxazosin', 'Diphenhydramine', 'Atorvastatin', 'Buprenorphineforpain']"
"['Metoprolol', 'Loratadine(Clarityn)', 'Simeticone', 'Mometasoneinhalers', 'Bisacodyl', 'Omeprazole']"
"['Lisinopril', 'Zopiclone', 'Oxycodone', 'Budesonidetablets,capsulesandgranules', 'Simvastatin', 'Candesartan', 'Propranolol', 'Champix(varenicline)']"
"['Solifenacin', 'Latanoprost', 'Nicorandil', 'Metoclopramide']"
['Letrozole']
"['Risperidone', 'Zolpidem', 'Escitalopram', 'Pseudoephedrine(Sudafed)']"
"['Chloramphenicol', 'Pseudoephedrine(Sudafed)', 'Diphenhydramine']"
[]
"['Azathioprine', 'Spironolactone']"
[]
"['Nitrofurantoin', 'Simeticone', 'Ranitidine', 'Loratadine(Clarityn)', 'Simvastatin', 'Domperidone', 'Hyoscinehydrobromide(KwellsandJoy-Rides)']"
"['Mirtazapine', 'Perindopril', 'Backtotop', 'Champix(varenicline)', 'Mometasonenasalspray', 'Spironolactone', 'Empagliflozin']"
"['Atenolol', 'Mirtazapine', 'Champix(varenicline)', 'Backtotop']"
"['Ticagrelor', 'Gabapentin']"
"['Beclometasonenasalspray', 'Allopurinol']"
"['Backtotop', 'Betahistine', 'Digoxin', 'Sitagliptin', 'Alendronicacid', 'Sertraline']"
"['Backtotop', 'Amitriptylineforpainandmigraine', 'Tolterodine', 'Cyclizine', 'Irbesartan', 'Nortriptyline']"
"['Champix(varenicline)', 'Atorvastatin', 'Mebendazole', 'Ibuprofenandcodeine', 'Cinnarizine']"
"['Backtotop', 'Lorazepam']"
"['Co-codamolforadults', 'Backtotop', 'Fluconazole', 'Methylphenidateforadults']"
"['Sodiumvalproate', 'Tadalafil', 'Macrogol', 'Enalapril', 'Azithromycin', 'Salbutamolinhaler']"
"['Fexofenadine', 'Diclofenac', 'Mometasoneinhalers', 'Betamethasoneforskin', 'Backtotop']"
[]
[]
"['Budesoniderectalfoamandenemas', 'Diclofenac', 'Varenicline,seeChampix(varenicline)', 'Candesartan', 'Alogliptin']"
"['Naproxen', 'Lercanidipine', 'Finasteride', 'Labetalol', 'Furosemide']"
"['Backtotop', 'Flucloxacillin']"
"['Pravastatin', 'Naproxen']"
"['Clonazepam', 'Cefalexin']"
"['Timololtablets', 'Trimethoprim', 'Backtotop', 'Citalopram', 'Apixaban']"
"['Gaviscon(alginicacid)', 'Carbamazepine', 'Paroxetine', 'Topiramate', 'Buprenorphineforpain', 'Tranexamicacid', 'Aspirin–low-dose,seeLow-doseaspirin', 'Mebendazole']"
"['Acrivastine', 'Valsartan', 'Sodiumvalproate', 'Apixaban', 'Melatonin']"
"['Dapagliflozin', 'Backtotop', 'Backtotop']"
"['Gaviscon(alginicacid)', 'Pantoprazole', 'Diltiazem', 'Mometasoneinhalers']"
"['Varenicline,seeChampix(varenicline)']"
"['Heparinoid', 'Phenoxymethylpenicillin', 'Calcipotriol', 'Promethazine(Phenergan)', 'Methylphenidateforadults']"
['Acrivastine']
"['Backtotop', 'Backtotop']"
"['Tolterodine', 'Lithium']"
"['Gliclazide', 'Backtotop', 'Hyoscinehydrobromide(KwellsandJoy-Rides)', 'Enalapril', 'Hydrocortisone', 'Co-codamolforadults', 'Dexamethasoneeyedrops']"
"['Dipyridamole', 'Nitrofurantoin', 'Bisoprolol', 'Lymecycline']"
['Mebendazole']
"['Aspirin–low-dose,seeLow-doseaspirin', 'Bisacodyl', 'Tolterodine', 'Paxlovid']"
['Backtotop']
"['Budesonideinhalers', 'Backtotop', 'Omeprazole', 'Rabeprazole', 'Mebendazole', 'Indapamide', 'Simvastatin']"
"['Hydrocortisoneforpilesanditchybottom', 'Betamethasoneforeyes,earsandnose', 'Clotrimazoleforthrush(Canesten)', 'Labetalol', 'Gliclazide', 'Hyoscinehydrobromide(KwellsandJoy-Rides)']"
"['Alendronicacid', 'Lithium', 'Dabigatran', 'Chloramphenicol', 'Backtotop', 'Mesalazine']"
[]
"['Allopurinol', 'Finasteride', 'Trimethoprim', 'Adalimumab']"
"['Methadone', 'Esomeprazole', 'Tolterodine', 'Phenoxymethylpenicillin', 'Ibuprofenforchildren', 'Pantoprazole']"
"['Loratadine(Clarityn)', 'Edoxaban', 'Fluoxetine(Prozac)']"
"['Allopurinol', 'Simvastatin', 'Lidocaineforpilesanditchybottom', 'Paracetamolforadults']"
"['Dihydrocodeine', 'Gaviscon(alginicacid)', 'Bimatoprost', 'Amitriptylineforpainandmigraine', 'Budesonideinhalers', 'Risperidone', 'Simeticone']"
['Edoxaban']
"['Colchicine', 'Clotrimazoleforthrush(Canesten)', 'Lansoprazole']"
"['Clobetasone', 'Bisoprolol', 'Propranolol', 'Furosemide', 'Buscopan(hyoscinebutylbromide)', 'Alogliptin', 'Remdesivir(Veklury)']"
"['Timololeyedrops', 'Amoxicillin', 'Isotretinoingel(Isotrex)', 'Metformin']"
"['Remdesivir(Veklury)', 'Clobetasone', 'Dosulepin']"
"['Heparinoid', 'Sumatriptan', 'Flucloxacillin', 'Morphine', 'Linagliptin', 'Pantoprazole', 'Levothyroxine', 'Diltiazem']"
"['Hydrocortisone', 'Cefalexin', 'Prednisolonetabletsandliquid', 'Dabigatran', 'Ferrousfumarate']"
"['Fluoxetine(Prozac)', 'Risperidone', 'Budesonidetablets,capsulesandgranules', 'Aspirin–low-dose,seeLow-doseaspirin', 'Trimethoprim', 'Dexamethasoneeyedrops', 'Clarithromycin']"
"['Low-doseaspirin', 'Fluconazole', 'Duloxetine', 'Azathioprine', 'Budesonideinhalers', 'Folicacid']"
['Zolpidem']
"['Heparinoid', 'Remdesivir(Veklury)']"
"['Clobetasol', 'Lorazepam', 'Gliclazide', 'Naproxen', 'Backtotop', 'Clotrimazolecream,sprayandsolution', 'Pioglitazone']"
"['Hydrocortisonetablets', 'Salbutamolinhaler', 'Backtotop', 'Benzoylperoxide', 'Adalimumab', 'Betamethasoneforeyes,earsandnose', 'Phenytoin', 'Dipyridamole']"
"['Backtotop', 'Metoclopramide', 'Mometasoneinhalers', 'Diphenhydramine', 'Fluticasoneinhalers', 'Doxycycline', 'Clarithromycin', 'Backtotop']"
[]
[]
"['Clobetasone', 'Bisoprolol']"
[]
[]
"['Bisacodyl', 'Chloramphenicol', 'Budesonideinhalers']"
"['Ropinirole', 'Sodiumcromoglicateeyedrops', 'Latanoprost', 'Backtotop', 'Sodiumcromoglicatecapsules', 'Furosemide', 'Diltiazem']"
"['Peppermintoil', 'Nefopam', 'Hydrocortisonetablets']"
"['Isotretinoincapsules(Roaccutane)', 'Mometasonenasalspray', 'Ibuprofenforchildren', 'Gabapentin', 'Backtotop', 'Molnupiravir(Lagevrio)', 'Clobetasol']"
['Apixaban']
"['Nystatin', 'Oxybutynin', 'Glimepiride', 'Diazepam']"
"['Phenoxymethylpenicillin', 'Varenicline,seeChampix(varenicline)', 'Hydrocortisone', 'Beclometasoneinhalers']"
"['Sodiumvalproate', 'Risperidone', 'Pantoprazole', 'Morphine', 'Flucloxacillin']"
"['Mebeverine', 'Beclometasonenasalspray']"
"['Topiramate', 'Co-careldopa', 'Backtotop']"
['Tadalafil']
"['Cyanocobalamin', 'Promethazine(Phenergan)', 'Irbesartan', 'Rivaroxaban']"
"['Tamsulosin', 'Backtotop', 'Sodiumcromoglicatecapsules', 'Baclofen']"
"['Felodipine', 'Nefopam', 'Morphine', 'Aspirin–low-dose,seeLow-doseaspirin']"
"['Gliclazide', 'Champix(varenicline)', 'Carvedilol', 'Indapamide', 'Fluticasonenasalsprayanddrops', 'Co-codaprin(aspirinandcodeine)', 'Quetiapine']"
"['Donepezil', 'Acrivastine', 'Duloxetine', 'Mometasonenasalspray', 'Quetiapine', 'Nifedipine']"
"['Clobetasone', 'Fusidicacid', 'Fluticasoneinhalers', 'Buprenorphineforpain', 'Phenytoin', 'Fluconazole', 'Carbimazole', 'Gabapentin']"
['Melatonin']
"['Lamotrigine', 'Valproicacid', 'Chlorhexidine', 'Timololtablets', 'Backtotop', 'Venlafaxine', 'Oxybutynin', 'Perindopril']"
"['Gaviscon(alginicacid)', 'Heparinoid', 'Paracetamolforchildren(Calpol)', 'Ropinirole', 'Citalopram', 'Timololtablets']"
"['Mesalazine', 'Pseudoephedrine(Sudafed)', 'Backtotop']"
[]
[]
"['Macrogol', 'Backtotop', 'Metformin', 'Backtotop', 'Ezetimibe', 'Atorvastatin', 'Sertraline', 'Prednisolonetabletsandliquid']"
"['Pioglitazone', 'Ticagrelor', 'Losartan', 'Sitagliptin', 'Cinnarizine', 'Furosemide', 'Levothyroxine']"
"['Dabigatran', 'Fluticasoneskincreams', 'Chlorhexidine', 'Benzoylperoxide', 'Fusidicacid', 'Backtotop', 'Donepezil', 'Folicacid']"
"['Sotalol', 'Betamethasoneforeyes,earsandnose', 'Valproicacid', 'Clonazepam', 'Latanoprost']"
"['Budesoniderectalfoamandenemas', 'Lansoprazole', 'Finasteride', 'Duloxetine', 'Backtotop', 'Irbesartan']"
"['Mebendazole', 'Mesalazine', 'Rabeprazole', 'Varenicline,seeChampix(varenicline)']"
"['Codeine', 'Rivaroxaban', 'Metformin', 'Beclometasonetablets']"
"['Pseudoephedrine(Sudafed)', 'Solifenacin', 'Heparinoid']"
['Paxlovid']
[]
"['Rabeprazole', 'Naproxen', 'Co-amoxiclav', 'Labetalol']"
"['Paroxetine', 'Mesalazine', 'Metformin', 'Sildenafil(Viagra)', 'Empagliflozin']"
[]
"['Backtotop', 'Senna', 'Alogliptin']"
[]
"['Labetalol', 'Champix(varenicline)', 'Dapagliflozin', 'Simvastatin', 'Indapamide', 'Terbinafine', 'Hydrocortisoneforskin', 'Bisoprolol']"
"['Heparinoid', 'Diphenhydramine', 'Azithromycin', 'Propranolol', 'Temazepam', 'Ticagrelor', 'Ketoconazole']"
"['Azithromycin', 'Metformin', 'Duloxetine', 'Felodipine', 'Beclometasonenasalspray', 'Nicorandil']"
"['Backtotop', 'Molnupiravir(Lagevrio)', 'Propranolol', 'Nefopam', 'Backtotop', 'Oxybutynin']"
"['Backtotop', 'Adalimumab', 'Donepezil', 'Paracetamolforadults', 'Mebeverine', 'Codeine', 'Carbimazole']"
[]
[]
['Alogliptin']
['Latanoprost']
"['Linagliptin', 'Pantoprazole', 'Apixaban', 'Glimepiride', 'Mesalazine', 'Olmesartan']"
[]
"['Methotrexate', 'Fluticasonenasalsprayanddrops', 'Ibuprofenforadults(Nurofen)']"
[]
"['Ferroussulfate', 'Backtotop', 'Rabeprazole', 'Doxazosin', 'Gliclazide']"
"['Topiramate', 'Terbinafine']"
"['Aspirinforpainrelief', 'Lithium', 'Esomeprazole', 'Atorvastatin', 'Ketoconazole', 'Backtotop', 'Backtotop']"
['Buprenorphineforpain']
"['Pseudoephedrine(Sudafed)', 'Saxagliptin', 'Clopidogrel', 'Glimepiride', 'Hydrocortisoneforpilesanditchybottom', 'Mometasoneinhalers', 'Terbinafine', 'Baclofen']"
['Co-amoxiclav']
"['Prednisolonetabletsandliquid', 'Buscopan(hyoscinebutylbromide)', 'Trimethoprim']"
"['Labetalol', 'Budesonidenasalspray', 'Backtotop', 'Warfarin', 'Metformin', 'Budesoniderectalfoamandenemas', 'Cefalexin']"
"['Buscopan(hyoscinebutylbromide)', 'Sodiumvalproate', 'Clarithromycin', 'Mometasoneinhalers']"
"['Glyceryltrinitrate(GTN)', 'Cetirizine', 'Bisacodyl', 'Nortriptyline', 'Molnupiravir(Lagevrio)', 'Oxycodone', 'Azithromycin']"
"['Saxagliptin', 'Backtotop']"
"['Backtotop', 'Metformin', 'Dabigatran', 'Gliclazide', 'Beclometasonetablets', 'Prochlorperazine']"
['Backtotop']
"['Champix(varenicline)', 'Dipyridamole', 'Ibuprofenandcodeine', 'Furosemide', 'Pseudoephedrine(Sudafed)', 'Hydrocortisoneforpilesanditchybottom', 'Montelukast']"
"['Calcipotriol', 'Perindopril', 'Glimepiride', 'Backtotop', 'Hydrocortisoneinjections']"
['Beclometasonetablets']
[]
"['Budesoniderectalfoamandenemas', 'Docusate', 'Fentanyl', 'Glimepiride']"
"['Mebendazole', 'Lisinopril', 'Backtotop', 'Backtotop', 'Amitriptylineforpainandmigraine', 'Warfarin', 'Betahistine', 'Backtotop']"
"['Naproxen', 'Calcipotriol', 'Ropinirole', 'Timololtablets']"
"['Backtotop', 'Saxagliptin', 'Bimatoprost', 'Hydrocortisonebuccaltablets']"
"['Cetirizine', 'Fentanyl', 'Empagliflozin', 'Hydrocortisonebuccaltablets', 'Memantine', 'Tranexamicacid', 'Champix(varenicline)', 'Backtotop']"
"['Anastrozole', 'Pioglitazone']"
['Cetirizine']
"['Sitagliptin', 'Esomeprazole', 'Aciclovir(Zovirax)', 'Azathioprine', 'Isotretinoingel(Isotrex)', 'Valsartan', 'Carbamazepine']"
"['Glimepiride', 'Lisinopril', 'Diazepam']"
"['Domperidone', 'Levothyroxine', 'Betahistine']"
[]
"['Carmellosesodium', 'Hydroxocobalamin', 'Aciclovir(Zovirax)', 'Buprenorphineforpain']"
"['Nitrofurantoin', 'Mometasoneinhalers', 'Hydrocortisonebuccaltablets', 'Sotrovimab(Xevudy)', 'Phenoxymethylpenicillin', 'Irbesartan']"
"['Trazodone', 'Timololtablets', 'Backtotop', 'Isotretinoingel(Isotrex)', 'Folicacid', 'Dihydrocodeine']"
"['Co-dydramol', 'Citalopram', 'Mesalazine']"
"['Saxagliptin', 'Latanoprost', 'Naproxen', 'Omeprazole', 'Backtotop', 'Fybogel(ispaghulahusk)']"
"['Warfarin', 'Baclofen', 'Topiramate', 'Lithium']"
"['Rosuvastatin', 'Lidocaineskincream', 'Omeprazole', 'Losartan', 'Clopidogrel', 'Pseudoephedrine(Sudafed)', 'Paroxetine']"
[]
"['Memantine', 'Apixaban', 'Backtotop', 'Prednisolonetabletsandliquid', 'Dipyridamole', 'Sodiumcromoglicatecapsules', 'Candesartan', 'Ferroussulfate']"
"['Salbutamolinhaler', 'Warfarin', 'Backtotop']"
"['Backtotop', 'Ketoconazole', 'Risperidone', 'Ezetimibe', 'Azathioprine', 'Montelukast']"
"['Budesonideinhalers', 'Edoxaban', 'Dabigatran', 'Azathioprine', 'Oxybutynin']"
"['Cyanocobalamin', 'Low-doseaspirin', 'Peppermintoil', 'Allopurinol']"
"['Backtotop', 'Adalimumab', 'Warfarin', 'Co-amoxiclav', 'Mesalazine', 'Timololtablets']"
"['Hydrocortisoneforskin', 'Carbimazole', 'Ferroussulfate']"
[]
['Carbimazole']
"['Fentanyl', 'Fluoxetine(Prozac)', 'Simvastatin', 'Clobetasone', 'Cefalexin']"
[]
"['Hyoscinehydrobromide(KwellsandJoy-Rides)', 'Backtotop', 'Sertraline', 'Candesartan', 'Benzydamine', 'Amitriptylineforpainandmigraine']"
[]
"['Aciclovir(Zovirax)', 'Hydrocortisoneforpilesanditchybottom', 'Backtotop', 'Backtotop', 'Domperidone']"
"['Furosemide', 'Timololtablets']"
[]
[]
"['Isotretinoincapsules(Roaccutane)', 'Dexamethasoneeyedrops', 'Eplerenone', 'Clobetasol', 'Nystatin', 'Adalimumab', 'Nefopam']"
"['Carbamazepine', 'Hydrocortisone', 'Omeprazole', 'Doxycycline', 'Propranolol', 'Backtotop']"
[]
"['Risperidone', 'Dabigatran']"
"['Backtotop', 'Fluticasoneskincreams', 'Empagliflozin', 'Gabapentin']"
['Pravastatin']
"['Sotalol', 'Warfarin', 'Candesartan', 'Zopiclone', 'Salbutamolinhaler', 'Backtotop', 'Saxagliptin']"
"['Backtotop', 'Oxybutynin', 'Rosuvastatin']"
[]
"['Sotalol', 'Tranexamicacid', 'Loratadine(Clarityn)', 'Backtotop', 'Bendroflumethiazide']"
"['Mesalazine', 'Beclometasonenasalspray', 'Nifedipine', 'Sildenafil(Viagra)', 'Backtotop', 'Remdesivir(Veklury)', 'Morphine']"
"['Pseudoephedrine(Sudafed)', 'Fluticasonenasalsprayanddrops', 'Simeticone', 'Sodiumcromoglicateeyedrops']"
[]
[]
['Ibuprofenforchildren']
"['Backtotop', 'Ibuprofenforadults(Nurofen)', 'Amitriptylinefordepression', 'Hydrocortisoneforpilesanditchybottom', 'Edoxaban', 'Docusate', 'Salbutamolinhaler']"
"['Hydrocortisoneforskin', 'Benzoylperoxide']"
"['Loperamide', 'Simeticone', 'Diclofenac', 'Tramadol', 'Ibuprofenandcodeine', 'Backtotop', 'Methadone']"
"['Tramadol', 'Alogliptin', 'Erythromycin', 'Apixaban', 'Ropinirole', 'Backtotop', 'Lithium', 'Pioglitazone']"
"['Hydrocortisonerectalfoam', 'Rivaroxaban', 'Promethazine(Phenergan)', 'Ibuprofenforchildren', 'Loperamide']"
"['Morphine', 'Hydroxocobalamin', 'Diltiazem', 'Omeprazole', 'Beclometasonenasalspray', 'Amitriptylineforpainandmigraine', 'Promethazine(Phenergan)']"
"['Buscopan(hyoscinebutylbromide)', 'Losartan', 'Benzoylperoxide', 'Gaviscon(alginicacid)', 'Bisacodyl']"
"['Ferrousfumarate', 'Backtotop', 'Venlafaxine', 'Montelukast', 'Mometasoneforskin', 'Donepezil', 'Bisoprolol']"
"['Trimethoprim', 'Domperidone', 'Champix(varenicline)', 'Metronidazole', 'Fusidicacid', 'Hydrocortisoneforskin', 'Co-careldopa', 'Gaviscon(alginicacid)']"
"['Metoprolol', 'Nicorandil', 'Memantine', 'Clonazepam']"
['Azithromycin']
"['Eplerenone', 'Fluticasonenasalsprayanddrops', 'Pseudoephedrine(Sudafed)', 'Hydrocortisoneforpilesanditchybottom', 'Senna', 'Backtotop', 'Backtotop', 'Bendroflumethiazide']"
['Backtotop']
"['Perindopril', 'Hydrocortisonebuccaltablets', 'Mesalazine', 'Trazodone']"
"['Glyceryltrinitrate(GTN)', 'Ibuprofenforadults(Nurofen)']"
['Pioglitazone']
"['Loperamide', 'Risedronate', 'Ketoconazole', 'Tranexamicacid', 'Enalapril', 'Benzydamine', 'Hydroxocobalamin', 'Pravastatin']"
"['Budesonideinhalers', 'Lymecycline', 'Lansoprazole', 'Topiramate', 'Buprenorphineforpain', 'Carbocisteine']"
['Backtotop']
"['Fluticasoneinhalers', 'Amoxicillin']"
"['Backtotop', 'Beclometasoneskincreams', 'Esomeprazole']"
"['Rivaroxaban', 'Bisoprolol', 'Chloramphenicol', 'Aspirin–low-dose,seeLow-doseaspirin', 'Risperidone', 'Benzydamine', 'Backtotop', 'Clotrimazoleforthrush(Canesten)']"
"['Morphine', 'Sotrovimab(Xevudy)', 'Terbinafine']"
"['Chlorhexidine', 'Cefalexin', 'Backtotop', 'Doxazosin', 'Labetalol', 'Phenoxymethylpenicillin', 'Omeprazole']"
"['Dapagliflozin', 'Sodiumvalproate', 'Clotrimazolecream,sprayandsolution', 'Ropinirole', 'Remdesivir(Veklury)', 'Fusidicacid', 'Peppermintoil']"
['Nifedipine']
"['Cefalexin', 'Backtotop', 'Prednisolonetabletsandliquid', 'Mometasoneinhalers', 'Sodiumvalproate', 'Mesalazine']"
"['Carvedilol', 'Simvastatin']"
['Solifenacin']
"['Metoclopramide', 'Prochlorperazine', 'Dapagliflozin', 'Zolpidem', 'Clobetasol', 'Losartan']"
"['Lithium', 'Pravastatin']"
"['Fluticasoneinhalers', 'Ferroussulfate', 'Tadalafil']"
"['Backtotop', 'Chlorhexidine', 'Sodiumcromoglicatecapsules', 'Allopurinol', 'Clobetasol', 'Lidocaineforpilesanditchybottom', 'Nicorandil']"
"['Colchicine', 'Hydrocortisone', 'Risedronate', 'Sodiumcromoglicateeyedrops']"
"['Ferrousfumarate', 'Dexamethasoneeyedrops', 'Hydrocortisoneinjections', 'Promethazine(Phenergan)', 'Isotretinoincapsules(Roaccutane)', 'Eplerenone']"
[]
"['Paracetamolforchildren(Calpol)', 'Clobetasol', 'Mirtazapine', 'Oxybutynin', 'Nefopam', 'Isotretinoincapsules(Roaccutane)', 'Cetirizine', 'Prochlorperazine']"
"['Chloramphenicol', 'Irbesartan', 'Digoxin', 'Backtotop', 'Fluticasoneinhalers']"
"['Ibuprofenforchildren', 'Methylphenidateforchildren', 'Dexamethasoneeyedrops']"
"['Methadone', 'Letrozole', 'Beclometasoneinhalers', 'Nitrofurantoin']"
['Timololtablets']
"['Paroxetine', 'Backtotop', 'Mesalazine']"
['Carvedilol']
"['Paxlovid', 'Calcipotriol']"
"['Backtotop', 'Mebeverine', 'Lidocaineforpilesanditchybottom', 'Mebendazole', 'Cetirizine', 'Cyanocobalamin']"
"['Backtotop', 'Lithium']"
"['Quetiapine', 'Solifenacin', 'Venlafaxine', 'Spironolactone', 'Dexamethasoneeyedrops', 'Losartan']"
"['Co-codamolforchildren', 'Lisinopril', 'Mirabegron']"
"['Mometasonenasalspray', 'Backtotop', 'Backtotop', 'Amoxicillin', 'Chlorhexidine']"
[]
"['Chloramphenicol', 'Backtotop', 'Methylphenidateforchildren', 'Clobetasone']"
[]
"['Acrivastine', 'Alogliptin', 'Paracetamolforadults', 'Backtotop']"
"['Hydrocortisone', 'Bisoprolol', 'Betamethasoneforskin', 'Zopiclone', 'Champix(varenicline)']"
['Furosemide']
"['Methylphenidateforadults', 'Co-beneldopa']"
"['Prochlorperazine', 'Metoclopramide', 'Paroxetine', 'Loratadine(Clarityn)']"
"['Cyanocobalamin', 'Pantoprazole', 'Prednisolonetabletsandliquid', 'Irbesartan', 'Nitrofurantoin']"
"['Simeticone', 'Co-amoxiclav', 'Azithromycin', 'Chloramphenicol', 'Folicacid', 'Bumetanide']"
"['Rosuvastatin', 'Venlafaxine', 'Dosulepin', 'Backtotop']"
"['Cefalexin', 'Acrivastine', 'Chlorphenamine(Piriton)', 'Dexamethasonetabletsandliquid', 'Nortriptyline']"
[]
"['Clobetasone', 'Simeticone', 'Adalimumab', 'Risperidone', 'Doxycycline', 'Omeprazole', 'Amitriptylinefordepression', 'Budesonidetablets,capsulesandgranules']"
"['Verapamil', 'Acrivastine', 'Backtotop']"
"['Varenicline,seeChampix(varenicline)']"
['Clopidogrel']
"['Felodipine', 'Co-amoxiclav']"
"['Backtotop', 'Senna', 'Gabapentin', 'Betahistine', 'Digoxin']"
"['Dexamethasoneeyedrops', 'Mebendazole']"
[]
"['Pantoprazole', 'Lactulose', 'Isotretinoincapsules(Roaccutane)', 'Amitriptylinefordepression']"
"['Pregabalin', 'Backtotop', 'Sitagliptin', 'Zopiclone', 'Paroxetine', 'Backtotop', 'Latanoprost']"
"['Fusidicacid', 'Sodiumcromoglicateeyedrops', 'Empagliflozin', 'Paxlovid', 'Latanoprost', 'Diltiazem', 'Letrozole', 'Paroxetine']"
"['Linagliptin', 'Ibuprofenforchildren', 'Dipyridamole', 'Warfarin', 'Lymecycline', 'Prochlorperazine', 'Cyanocobalamin']"
"['Loratadine(Clarityn)', 'Backtotop']"
"['Hydrocortisonebuccaltablets', 'Atorvastatin']"
"['Dabigatran', 'Solifenacin', 'Ciprofloxacin']"
"['Sotrovimab(Xevudy)', 'Letrozole', 'Hydrocortisone', 'Valproicacid', 'Aspirin–low-dose,seeLow-doseaspirin', 'Mebendazole']"
"['Amoxicillin', 'Hydrocortisonebuccaltablets', 'Nefopam', 'Tramadol', 'Levothyroxine', 'Memantine', 'Glimepiride', 'Empagliflozin']"
"['Isosorbidemononitrateandisosorbidedinitrate', 'Backtotop', 'Enalapril', 'Cefalexin', 'Flucloxacillin', 'Co-beneldopa']"
"['Levothyroxine', 'Sodiumcromoglicateeyedrops']"
"['Venlafaxine', 'Champix(varenicline)', 'Omeprazole', 'Prednisolonetabletsandliquid', 'Sotalol', 'Isotretinoingel(Isotrex)', 'Esomeprazole']"
"['Metoprolol', 'Champix(varenicline)', 'Rabeprazole', 'Paracetamolforadults', 'Bisoprolol', 'Loratadine(Clarityn)', 'Oxybutynin', 'Dihydrocodeine']"
"['Backtotop', 'Docusate', 'Escitalopram']"
"['Anastrozole', 'Tadalafil', 'Backtotop', 'Codeine']"
"['Pseudoephedrine(Sudafed)', 'Cetirizine', 'Macrogol', 'Lymecycline']"
"['Fluticasoneskincreams', 'Allopurinol', 'Fluoxetine(Prozac)', 'Atorvastatin', 'Tadalafil', 'Fusidicacid']"
[]
"['Glimepiride', 'Pregabalin', 'Sotalol']"
"['Candesartan', 'Low-doseaspirin', 'Brinzolamide', 'Senna', 'Backtotop', 'Mirabegron', 'Hyoscinehydrobromide(KwellsandJoy-Rides)']"
"['Phenytoin', 'Lansoprazole', 'Indapamide', 'Backtotop', 'Sodiumvalproate']"
"['Duloxetine', 'Fusidicacid', 'Backtotop']"
"['Dapagliflozin', 'Paracetamolforadults', 'Montelukast', 'Hyoscinehydrobromide(KwellsandJoy-Rides)', 'Folicacid', 'Mesalazine', 'Topiramate']"
"['Phenoxymethylpenicillin', 'Hydrocortisoneinjections']"
"['Oxybutynin', 'Edoxaban', 'Fexofenadine', 'Timololtablets', 'Erythromycin', 'Backtotop', 'Verapamil']"
[]
"['Gabapentin', 'Risedronate', 'Tramadol']"
"['Glyceryltrinitrate(GTN)', 'Rivaroxaban', 'Domperidone', 'Beclometasoneinhalers', 'Mirtazapine', 'Mebendazole']"
"['Amlodipine', 'Clobetasone', 'Ferroussulfate', 'Alogliptin', 'Metoclopramide', 'Letrozole', 'Atenolol', 'Lisinopril']"
"['Backtotop', 'Gabapentin']"
['Isotretinoingel(Isotrex)']
"['Buscopan(hyoscinebutylbromide)', 'Simeticone', 'Hydrocortisoneforskin', 'Solifenacin', 'Metformin']"
"['Letrozole', 'Diazepam']"
"['Benzoylperoxide', 'Glimepiride', 'Alogliptin', 'Chlorphenamine(Piriton)', 'Perindopril']"
['Calcipotriol']
[]
[]
['Oxybutynin']
[]
"['Backtotop', 'Sumatriptan', 'Felodipine', 'Tadalafil', 'Calcipotriol', 'Metoprolol', 'Backtotop', 'Backtotop']"
"['Benzydamine', 'Ciprofloxacin', 'Bendroflumethiazide', 'Zolpidem', 'Nitrofurantoin', 'Letrozole', 'Methotrexate', 'Carmellosesodium']"
"['Diclofenac', 'Letrozole']"
[]
"['Sildenafil(Viagra)', 'Backtotop', 'Mebendazole', 'Gaviscon(alginicacid)', 'Paracetamolforadults', 'Oxycodone', 'Ferrousfumarate']"
"['Apixaban', 'Fybogel(ispaghulahusk)', 'Co-beneldopa', 'Lansoprazole', 'Molnupiravir(Lagevrio)', 'Furosemide']"
['Zolpidem']
"['Cyanocobalamin', 'Chlorphenamine(Piriton)', 'Senna', 'Paroxetine', 'Escitalopram', 'Molnupiravir(Lagevrio)']"
[]
"['Clopidogrel', 'Phenoxymethylpenicillin', 'Quetiapine', 'Sitagliptin', 'Alendronicacid']"
"['Carmellosesodium', 'Loperamide', 'Ibuprofenforchildren', 'Risedronate']"
"['Ranitidine', 'Backtotop', 'Chloramphenicol', 'Spironolactone']"
"['Mesalazine', 'Colchicine', 'Lactulose', 'Backtotop', 'Pepto-Bismol(bismuthsubsalicylate)', 'Tramadol', 'Domperidone', 'Sulfasalazine']"
['Co-careldopa']
"['Spironolactone', 'Amitriptylinefordepression', 'Hydroxychloroquine', 'Sodiumvalproate', 'Fentanyl', 'Esomeprazole', 'Promethazine(Phenergan)']"
"['Eplerenone', 'Docusate', 'Paxlovid', 'Felodipine', 'Naproxen', 'Hydrocortisonebuccaltablets', 'Zolpidem']"
"['Colchicine', 'Chlorphenamine(Piriton)', 'Clonazepam', 'Temazepam']"
"['Hydrocortisoneinjections', 'Gliclazide', 'Backtotop', 'Backtotop', 'Acrivastine', 'Remdesivir(Veklury)']"
"['Backtotop', 'Prednisolonetabletsandliquid', 'Esomeprazole', 'Timololeyedrops', 'Backtotop', 'Amitriptylinefordepression']"
"['Propranolol', 'Simvastatin', 'Lidocaineskincream', 'Backtotop']"
[]
"['Hydrocortisonerectalfoam', 'Benzydamine', 'Levetiracetam', 'Eplerenone', 'Duloxetine', 'Lansoprazole', 'Backtotop', 'Hydrocortisonebuccaltablets']"
"['Citalopram', 'Betamethasonetablets', 'Olanzapine', 'Edoxaban', 'Loratadine(Clarityn)']"
['Sotrovimab(Xevudy)']
[]
"['Sitagliptin', 'Betamethasoneforeyes,earsandnose', 'Phenytoin']"
"['Azathioprine', 'Temazepam', 'Acrivastine']"
"['Tranexamicacid', 'Sodiumvalproate', 'Atenolol', 'Spironolactone', 'Backtotop', 'Saxagliptin']"
"['Mesalazine', 'Dosulepin']"
"['Betamethasoneforeyes,earsandnose', 'Dapagliflozin', 'Melatonin', 'Betamethasoneforskin', 'Hyoscinehydrobromide(KwellsandJoy-Rides)', 'Fusidicacid', 'Adalimumab']"
"['Furosemide', 'Paracetamolforchildren(Calpol)', 'Hydrocortisonerectalfoam', 'Budesonidenasalspray', 'Zolpidem', 'Bumetanide', 'Backtotop', 'Co-dydramol']"
['Peppermintoil']
