"['Intramuscular injection', 'Management of obesity']"
"['RICE (medicine)', 'Bronchial artery embolization', 'Toxicology treatments']"
[]
"['Laser ablation', 'Acne treatments']"
['Renal dialysis']
"['Apheresis', 'Liver support system']"
[]
['Cyanoacrylate']
"['Granulocyte transfusion', 'Management of multiple sclerosis', 'Pelvic massage']"
['Azficel-T']
[]
[]
"['Medicinal use of cannabis', 'Oxygen therapy', 'Pelvic massage']"
[]
['Management of scoliosis']
['Traction splint']
"['Combination therapy', 'Hormone therapy', 'Medical gas therapy']"
"['Nerve induction', 'Hyperbaric medicine', 'Banding (medical)']"
"['Diaphragm pacing', 'Apheresis', 'CLaCS']"
"['Heating pad', 'Magnesium and depression']"
"['Photothermal therapy', 'Interprofessional education', 'Bioartificial liver device']"
['Banding (medical)']
['Carbonated soda treatment of phytobezoars']
"['Photothermal therapy', 'This list may not reflect recent changes', 'Tracheal intubation']"
['Culdoscopy']
[]
['Remission (medicine)']
['Qigong']
"['Drug of last resort', 'Hypnosis', 'Leukocyte apheresis']"
['Intermittent hypoxia']
"['Hot water bottle', 'Somnoplasty', 'Nerve induction']"
"['Intermittent vacuum therapy', 'Sonodynamic therapy', 'Leukocyte apheresis']"
"['Therapeutic irrigation', 'Chest wall oscillation']"
"['Smile surgery', 'Interventionism (medicine)']"
['Dry-powder inhaler']
"[""Treatment of Alzheimer's disease"", 'Optoelectronic plethysmography']"
[]
['Treatment of mental disorders']
"[""Treatment of Alzheimer's disease""]"
['Granulocyte transfusion']
"['Laparoscopy', 'Intrathecal administration', 'Intraperitoneal injection']"
"['Bed rest', 'Laser blended vision']"
[]
"['Intravenous therapy', 'Ethically disputed medical practices', 'Strimvelis']"
[]
[]
[]
"['Treatment of mental disorders', 'Bloodletting', 'Nasal spray']"
['Negative-pressure wound therapy']
['Nasal spray']
['Qigong']
['Interprofessional education']
"['Kraamzorg', 'Tolerogenic therapy']"
"['Facet joint injection', 'Rheopheresis']"
['Carbonated soda treatment of phytobezoars']
[]
[]
"['NDR Method', 'next page', 'Oxygen therapy']"
"['Alglucosidase alfa', 'Infection-control measures', 'Management of scoliosis']"
[]
"['Bronchial artery embolization', 'Apheresis', 'Treatment of sleep disorders']"
"['Apheresis', 'Demand valve oxygen therapy']"
['Kraamzorg']
[]
['Bronchial artery embolization']
"['Self-administration', 'Rheopheresis']"
[]
"['Semper rehydration solution', 'Intravenous therapy']"
"['Laser blended vision', 'Reflex locomotion', 'Banding (medical)']"
"['Hypnotherapy', 'Interventionism (medicine)', 'Ethically disputed medical practices']"
"['Optoelectronic plethysmography', 'Nasogastric intubation']"
['Maintenance therapy']
"['Transdermal continuous oxygen therapy', 'Leukapheresis']"
"['Alternative uses for placenta', 'Papworth method']"
"['Procaine blockade', 'Electrotherapeutics', 'Electrotherapy']"
['SCAR-Fc']
"['LDL apheresis', 'Heptavalent botulism antitoxin', 'Therapy']"
[]
[]
"['Stem-cell therapy', 'Biological engineering', 'Electrotherapeutics']"
"['Revalenta arabica', 'Alternative uses for placenta', 'Pre-exposure prophylaxis']"
['Chondroprotection']
"['Management of strabismus', 'Endoscopic nasopharyngectomy']"
['Apheresis']
"['First aid', 'Semper rehydration solution', 'Lateral electrical surface stimulation']"
"['Outpatient parenteral antibiotic therapy', 'Therapy']"
"['Laparoscopy', 'Facet joint injection']"
"['Plasmapheresis', 'Disease-modifying treatment']"
[]
[]
"['Hypnotherapy', 'Intraperitoneal injection', 'Pelvic massage']"
['Medicinal use of cannabis']
"['Smile surgery', 'Hormone therapy', 'Pulmonary examination']"
[]
"['Tamagozake', 'Hormone therapy', 'Transdermal continuous oxygen therapy']"
"['Interventionism (medicine)', 'Photopharmacology', 'Nasal administration']"
"['Depot injection', 'Nasogastric intubation']"
[]
"['Endoscopic nasopharyngectomy', 'Pneumotherapy']"
[]
"['Megavitamin therapy', 'Tolerogenic therapy']"
['Carbonated soda treatment of phytobezoars']
"['Negative-pressure wound therapy', 'Diaphragm pacing', 'Experimental medical treatments']"
['Ethically disputed medical practices']
"['Photopharmacology', 'Therapy', 'Electrical muscle stimulation']"
[]
"['Nasal administration', 'Micropore particle technology', 'Wojciech Oczko']"
[]
[]
['Antiseptic lavage']
['Medical gas therapy']
"['Disease-modifying treatment', 'Nasal spray', 'Carbonated soda treatment of phytobezoars']"
"['Carbonated soda treatment of phytobezoars', 'Hormone therapy', 'Celacade']"
"['Oxygen therapy', 'Hypnotherapy', 'Laser blended vision']"
"['Smile surgery', 'Cranial electrotherapy stimulation', 'Banding (medical)']"
['Pulmonary examination']
"['Abscopal effect', 'Oral pressure therapy']"
[]
[]
[]
"['Facet joint injection', ""Treatment of Alzheimer's disease""]"
['Plasmapheresis']
['Expiratory apnea']
[]
"['Transdermal continuous oxygen therapy', 'Electrical muscle stimulation', 'Negative-pressure wound therapy']"
['Experimental medical treatments']
"['Single-port laparoscopy', 'Transdermal continuous oxygen therapy', 'Therapeutic irrigation']"
"['Apheresis', 'Pink lady (medicine)', ""Cell-based therapies for Parkinson's disease""]"
[]
['Extracorporeal shockwave therapy']
[]
"['Directly observed treatment, short-course']"
"[""Treatment of Alzheimer's disease""]"
"['Nasal spray', 'Heliox', 'Debridement']"
[]
[]
[]
['Isocentric technique']
"['Electrotherapy', 'RICE (medicine)']"
['Nasogastric intubation']
"['Apheresis', 'Dopamine therapy']"
"['Mydicar', 'Skunk oil', 'Nasal sprays']"
[]
"['Bathroom privileges', 'Electrotherapy', 'Aguamiel']"
"['Thickened fluids', 'Anthrax immune globulin']"
['First aid']
['Granulocyte transfusion']
"['Craterization', 'Tolerogenic therapy', 'Hypothermia therapy for neonatal encephalopathy']"
"['Infection-control measures', 'Hydrogel dressing', 'Reflex locomotion']"
"['Infection-control measures', 'Revalenta arabica', 'Age management medicine']"
['Tamponade']
"['Aguamiel', 'Kraamzorg']"
"['Laparoscopy', 'Hyperimmune globulin', 'Malotilate']"
"['Catholicon (electuary)', 'Clinical uses of mesenchymal stem cells']"
"['Pastille', 'Apheresis']"
"['Skunk oil', 'List of therapies']"
"['Quaternary prevention', 'Megavitamin therapy', 'Self-administration']"
[]
"['Poultice', 'Transdermal continuous oxygen therapy', 'Therapeutic effect']"
[]
"['Wojciech Oczko', 'Chronotherapy (sleep phase)', 'Kraamzorg']"
"['Hypnotherapy', 'Multiple sclerosis research', 'Interventionism (medicine)']"
"['Bone cement', 'Pink lady (medicine)', 'Medical tourism']"
"['Ice pack', 'Age management medicine', 'Knee treatments']"
['Strimvelis']
"['Alternative medical treatments', 'Ice pack']"
[]
[]
"['Peritoneal dialysis', 'Intracerebroventricular injection', 'Nasal sprays']"
['Carbonated soda treatment of phytobezoars']
[]
['First aid']
"['Anthrax immune globulin', 'Experimental medical treatments', 'Directly observed treatment, short-course']"
"['Directly observed treatment, short-course', 'Leukocyte apheresis', 'Multiple sclerosis research']"
['Pulmonary rehabilitation']
['Self-administration']
"['Expiratory apnea', 'Leukapheresis']"
[]
"['Dry-powder inhaler', 'Nasal sprays']"
['Bathroom privileges']
"['Laser ablation', 'Growth attenuation']"
['Leukapheresis']
[]
"['Management of strabismus', 'Therapy']"
['Drugs']
['Leukocyte apheresis']
['CLaCS']
"['Prophylactic cranial irradiation', 'Medicinal use of cannabis']"
"['Hypnosis', 'Negative-pressure wound therapy', 'Toxicology treatments']"
"['Fluid replacement', 'Celacade']"
['Electrotherapy']
"['Knee treatments', 'Sonodynamic therapy']"
[]
"['Dermabrasion', 'Medical procedure', 'Gene therapy for osteoarthritis']"
"['Megavitamin therapy', 'Directed therapy']"
"['Aguamiel', 'Peritoneal dialysis', 'Gene therapy']"
"['Tolerogenic therapy', 'Infection-control measures', 'Hypnotherapy']"
"['Liver support system', 'Single-port laparoscopy']"
"['Chondroprotection', 'Thickened fluids']"
"['Oral pressure therapy', 'Facet joint injection']"
[]
['Stem-cell therapy']
"['Traction splint', 'Dopamine therapy']"
"['Intraosseous infusion', 'Cancer treatments']"
['Bioartificial liver device']
"['Influenza treatment', 'Tamagozake']"
[]
"['Abscopal effect', 'Intermittent vacuum therapy']"
"['Malotilate', 'Negative-pressure wound therapy']"
"['Antiseptic lavage', 'Drug of last resort', 'Management of strabismus']"
"['Pre-exposure prophylaxis', 'Management of strabismus', 'Laparoscopy']"
['Medicinal use of cannabis']
"['Pneumotherapy', 'Hydrogogue']"
"['LILFU', 'Immunosuppression']"
[]
"['Intravitreal administration', 'Therapeutic effect']"
"['Intrathecal administration', 'Cyanoacrylate', 'Bioartificial liver device']"
[]
"['Tolerogenic therapy', 'Cancer treatments']"
[]
"['Drug of last resort', 'Intraperitoneal injection']"
"['Combination therapy', 'Hydrogogue', 'Disease-modifying treatment']"
[]
"['Drug of last resort', 'LDL apheresis', 'Expiratory apnea']"
"['Therapeutic irrigation', 'Acne treatments', 'Catholicon (electuary)']"
"['Hydrogel dressing', 'Skunk oil']"
"['Rheopheresis', 'Therapeutic irrigation']"
[]
"['Symptomatic treatment', 'Catholicon (electuary)', 'Electroanalgesia']"
"['Dry-powder inhaler', 'Dopamine therapy', 'SCAR-Fc']"
"['Clinical uses of mesenchymal stem cells', 'Therapy', 'Medical treatment stubs']"
['Fluid replacement']
[]
"['Hyperbaric medicine', 'Maggot therapy', 'Light therapy']"
['Intraperitoneal injection']
"['Electrotherapy', 'Protein replacement therapy']"
"[""Treatment of Alzheimer's disease"", 'Pastille', 'Anavip']"
[]
[]
['RICE (medicine)']
['Laser ablation']
['Celacade']
['Catholicon (electuary)']
"['Management of multiple sclerosis', 'Therapeutic irrigation', 'Directly observed treatment, short-course']"
"['Dopamine therapy', 'Cyanoacrylate']"
"['Clinical uses of mesenchymal stem cells', 'Maintenance therapy', 'Bone cement']"
[]
['Treatment of sleep disorders']
['Bcr-Abl tyrosine-kinase inhibitor']
"['Peritoneal dialysis', 'Respimat', 'Clinical uses of mesenchymal stem cells']"
['Pink lady (medicine)']
['Time delay toxin activation']
['Directed therapy']
"['Skunk oil', 'Drugs', 'Expiratory apnea']"
['Athletic taping']
[]
['Laser blended vision']
"['Toxicology treatments', 'Rheopheresis', 'Therapy']"
"['Hydrogogue', 'Fluid replacement', 'Transcranial direct-current stimulation']"
"['Photothermal therapy', 'Abscopal effect']"
[]
"['Smile surgery', 'Depot injection', 'Oral pressure therapy']"
[]
[]
['Intraosseous infusion']
['Outpatient parenteral antibiotic therapy']
['Disease-modifying treatment']
"['Bcr-Abl tyrosine-kinase inhibitor', 'Bioartificial liver device']"
"['Intraperitoneal injection', 'Photothermal therapy', 'Aquablation therapy']"
[]
[]
"['LDL apheresis', 'Medical treatment stubs', 'Pumpable ice technology']"
"['Electrotherapy', 'Management of multiple sclerosis', 'Hot water bottle']"
"['Pentastarch', 'Time delay toxin activation']"
[]
['Anthrax immune globulin']
"['Hypnotherapy', 'Preemptive analgesia', 'Treatment of mental disorders']"
[]
[]
['Laser blended vision']
"['Photopheresis', 'Glossopharyngeal breathing']"
['Immunoglobulin therapy']
['Pre-exposure prophylaxis']
['Salvage therapy']
['Ice pack']
['First aid']
"['Bloodletting', 'Pelvic massage', 'Therapeutic effect']"
"['Clinical uses of mesenchymal stem cells', 'Qigong']"
"['Preemptive analgesia', 'Anavip', 'Laser blended vision']"
[]
"['Carbonated soda treatment of phytobezoars', 'Somnoplasty', 'Laser ablation']"
"['Enzyme replacement therapy', 'Acne treatments']"
"['Bcr-Abl tyrosine-kinase inhibitor', 'Light therapy']"
[]
['Heroic measure']
[]
"['Traction splint', 'Multiple sclerosis research']"
[]
"['Intracerebroventricular injection', 'CLaCS']"
['Anthrax immune globulin']
"['Sonodynamic therapy', 'Laparoscopy']"
[]
[]
"['Somnoplasty', 'Dermabrasion']"
[]
['Micropore particle technology']
"['Disease-modifying treatment', 'Management of multiple sclerosis']"
"['Chondroprotection', 'Outpatient parenteral antibiotic therapy']"
"['Chest wall oscillation', 'Pulmonary examination']"
[]
['Multiple sclerosis research']
"['Outpatient parenteral antibiotic therapy', 'Chondroprotection']"
[]
"['Hot water bottle', 'Treatment of cancer', 'Pulmonary rehabilitation']"
"['LILFU', 'Hypothermia therapy for neonatal encephalopathy']"
['Medical procedures']
[]
['Transcranial direct-current stimulation']
['Treatment of sleep disorders']
['Management of obesity']
"['Oral pressure therapy', 'Electrotherapy']"
"['SCAR-Fc', 'Hyperimmune globulin']"
"['BaleDoneen Method', 'Gene therapy']"
[]
"['Aguamiel', 'Salvage therapy']"
"['Electrical muscle stimulation', 'Anavip', 'Aquablation therapy']"
"['Medical treatment stubs', 'Oral pressure therapy', 'Strimvelis']"
[]
"['Catholicon (electuary)', 'Malotilate', 'Extracorporeal shockwave therapy']"
"['Outpatient parenteral antibiotic therapy', 'Drugs']"
[]
"['Mydicar', 'Ice pack', 'Disease-modifying treatment']"
"['Malotilate', 'Pentastarch']"
[]
"['Medicinal use of cannabis', 'Renal dialysis', 'RICE (medicine)']"
"['Smile surgery', 'Intrathecal administration', 'Nerve induction']"
"['Intrathecal administration', 'CLaCS']"
['Protein replacement therapy']
"['Flea treatments', 'Intramuscular injection', 'Photothermal therapy']"
"['Alglucosidase alfa', 'Transcranial direct-current stimulation']"
"['Management of obesity', 'Multiple sclerosis research']"
"['Pentastarch', 'Transdermal continuous oxygen therapy', 'Cauterization']"
"['Photothermal therapy', 'Therapeutic irrigation', 'Celacade']"
['Injection lipolysis']
['LILFU']
['Tamponade']
"['Alternative uses for placenta', 'Therapeutic irrigation', 'Thickened fluids']"
"['Gene therapy for osteoarthritis', 'Celacade', 'Electrotherapy']"
"['Traction splint', 'Endoscopic nasopharyngectomy']"
['This list may not reflect recent changes']
[]
"['next page', 'Revalenta arabica']"
"['First aid', 'Bcr-Abl tyrosine-kinase inhibitor', 'Directed therapy']"
['Leukapheresis']
"['Therapeutic effect', 'Hypnosis', 'Rheopheresis']"
['Azficel-T']
[]
['Papworth method']
"['Cyanoacrylate', 'SCAR-Fc', 'Symptomatic treatment']"
"['Allogeneic processed thymus tissue', 'Catholicon (electuary)']"
['Immunosuppression']
"['Disease-modifying treatment', 'Transdermal continuous oxygen therapy']"
"['Chronotherapy (sleep phase)', 'Magnesium and depression']"
"['Debridement', 'Isocentric technique']"
"['Electroanalgesia', 'Intravenous fluids']"
"['Celacade', 'Fluid replacement', 'Sonodynamic therapy']"
[]
[]
"['Hypnotherapy', 'Treatment of mental disorders', 'Intermittent hypoxia']"
[]
"['Intraperitoneal injection', 'Bcr-Abl tyrosine-kinase inhibitor', 'Medical procedures']"
"['Transcranial direct-current stimulation', 'Alternative medical treatments']"
['Drug of last resort']
['Strimvelis']
"['Heating pad', 'Hormone therapy', 'Antiseptic lavage']"
"['Prophylactic cranial irradiation', 'List of therapies']"
"['Nerve induction', 'Tolerogenic therapy', 'Bloodletting']"
"['RICE (medicine)', 'Thickened fluids', 'Tolerogenic therapy']"
['Skunk oil']
['Granulocyte transfusion']
"['Oral pressure therapy', 'LDL apheresis']"
['Gene therapy for osteoarthritis']
['Aquapheresis']
['Multiple sclerosis research']
"['Pumpable ice technology', 'List of therapies', 'Immunoglobulin therapy']"
['Depot injection']
[]
['Kraamzorg']
"['Harris flush', 'Interprofessional education', 'Chemoprophylaxis']"
[]
"['Granulocyte transfusion', 'Dopamine therapy', 'Directed therapy']"
[]
"['Bronchial artery embolization', 'Influenza treatment']"
[]
"['Semper rehydration solution', 'Interventionism (medicine)', 'Oral pressure therapy']"
['Traction splint']
"['Single-port laparoscopy', 'LDL apheresis']"
['Nasal administration']
"['Aquapheresis', 'Laparoscopy']"
['Medical procedures']
[]
[]
['Intraperitoneal injection']
[]
"['Bronchial artery embolization', 'Bcr-Abl tyrosine-kinase inhibitor']"
[]
['Bronchial artery embolization']
"['CLaCS', 'Azficel-T']"
"['Qigong', 'Chronotherapy (sleep phase)', 'Electrotherapy']"
"['Hyperbaric treatment schedules', 'Symptomatic treatment']"
['Immunotherapy']
['Neuroreflexotherapy']
"['Mydicar', 'Intravitreal administration']"
"['Time delay toxin activation', 'Infection-control measures', 'Pelvic massage']"
"['Malotilate', 'Intracerebroventricular injection']"
"['Intramuscular injection', 'Dopamine therapy', 'Tamponade']"
['Abscopal effect']
[]
['Hypothermia therapy for neonatal encephalopathy']
"['Culdoscopy', 'Intermittent hypoxia', 'Pulmonary examination']"
"['Therapeutic irrigation', 'Intermittent hypoxia']"
"['Pulmonary examination', 'Plasmapheresis', 'Hypothermia therapy for neonatal encephalopathy']"
"['Drugs', 'Allogeneic processed thymus tissue', 'Pulmonary examination']"
"['Antiseptic lavage', 'Bone cement']"
"['Heptavalent botulism antitoxin', 'Treatment of cancer']"
"['Quaternary prevention', 'Intermittent vacuum therapy', 'Remission (medicine)']"
[]
"['Hydrogel dressing', 'Stem-cell therapy']"
"['Electrical muscle stimulation', 'Transcranial direct-current stimulation']"
['Neuroreflexotherapy']
"['Nasogastric intubation', 'Electrotherapeutics', 'Allogeneic processed thymus tissue']"
"['Quaternary prevention', 'Gene therapy', 'Aquablation therapy']"
['Medicinal use of cannabis']
[]
"['Facet joint injection', 'Pre-exposure prophylaxis']"
"['Hot water bottle', 'Salvage therapy']"
"['Facet joint injection', 'Remission (medicine)', 'This list may not reflect recent changes']"
[]
[]
"['Management of scoliosis', 'Leukapheresis', 'Hydrogogue']"
"['Craterization', 'Self-administration']"
"['Combination therapy', 'Pentastarch', 'Endoscopic nasopharyngectomy']"
[]
"['Optoelectronic plethysmography', 'Leukocyte apheresis', 'Therapeutic effect']"
"[""Treatment of Alzheimer's disease"", 'Thickened fluids']"
[]
"['Tobacco smoke enema', 'Management of scoliosis', 'Bone cement']"
"['Treatment of cancer', 'Ethically disputed medical practices']"
"['Somnoplasty', 'Pelvic massage']"
"['Magnesium and depression', 'Craterization', 'Depot injection']"
"['Chondroprotection', 'Maggot therapy', 'Toxicology treatments']"
"['Pulmonary examination', 'Therapy']"
[]
['Dry-powder inhaler']
[]
"['Celacade', 'Tracheal intubation']"
"['Comedo extraction', 'Drug of last resort']"
"['CLaCS', 'Oral rehydration therapy']"
"['Abscopal effect', 'Treatment of sleep disorders', 'Facet joint injection']"
"['Renal dialysis', 'Photopheresis', 'Biological engineering']"
"['next page', 'Hypothermia therapy for neonatal encephalopathy']"
['Pneumotherapy']
"['Transcranial direct-current stimulation', 'RICE (medicine)']"
['Medical procedures']
"['Alternative uses for placenta', 'Tolerogenic therapy']"
"['Photopharmacology', 'Non-contact normothermic wound therapy']"
['Anavip']
"['Granulocyte transfusion', 'Preemptive analgesia']"
['Experimental medical treatments']
"['Post-exposure prophylaxis', 'Stem-cell therapy', 'Semper rehydration solution']"
['Treatment of mental disorders']
[]
[]
"['Intravitreal administration', 'Nasogastric intubation', 'Outpatient parenteral antibiotic therapy']"
[]
['Malotilate']
['RICE (medicine)']
['Carbonated soda treatment of phytobezoars']
['Photopheresis']
['Chronotherapy (sleep phase)']
[]
"['Management of obesity', 'Antiseptic lavage', 'Treatment of dementia']"
"['LILFU', 'Chondroprotection']"
['Thickened fluids']
"['Granulocyte transfusion', 'Tracheal intubation', 'Oral pressure therapy']"
"['Pumpable ice technology', 'Fluid replacement']"
[]
"['Leukapheresis', 'Chest wall oscillation', 'Azficel-T']"
['Intracerebroventricular injection']
"['Carbonated soda treatment of phytobezoars', 'Electrotherapeutics']"
['Chemoprophylaxis']
"['Neuroreflexotherapy', 'Smile surgery', 'Liver support system']"
"['Multiple sclerosis research', 'Combination therapy', 'Hydrodilatation']"
"['Dry-powder inhaler', 'Leukapheresis']"
[]
['Hepatitis B immune globulin']
"['Remission (medicine)', 'Strimvelis']"
['Electrical muscle stimulation']
[]
['Pelvic massage']
"['next page', 'Heliox']"
['Intrathecal administration']
['Pre-exposure prophylaxis']
[]
[]
[]
"['Demand valve oxygen therapy', 'Pneumotherapy']"
"['Rheopheresis', 'NDR Method']"
['Depot injection']
[]
"['Therapy', 'Hypnosis']"
"['Hydrodilatation', ""Treatment of Alzheimer's disease""]"
"['Skunk oil', 'Nasal sprays']"
['Isocentric technique']
['Anavip']
"['BaleDoneen Method', 'Chest wall oscillation']"
[]
"['Electrotherapy', 'Renal dialysis']"
['Salvage therapy']
['Combination therapy']
"['Infection-control measures', 'Bronchial artery embolization']"
"['Somnoplasty', 'Medicinal use of cannabis']"
"['Tamagozake', 'Extracorporeal shockwave therapy']"
"['Interventionism (medicine)', 'Diaphragm pacing', 'Bloodletting']"
"['Light therapy', 'Pink lady (medicine)', 'Toxicology treatments']"
['Self-administration']
[]
[]
[]
"['Clinical uses of mesenchymal stem cells', 'Electrotherapy', ""Cell-based therapies for Parkinson's disease""]"
"['Ebola virus disease treatment research', 'Comedo extraction', 'Hypothermia therapy for neonatal encephalopathy']"
"['Hepatitis B immune globulin', 'First aid']"
"['Celacade', 'Cancer treatments']"
"['Heroic measure', 'Skunk oil', 'Nasal sprays']"
[]
"['Catholicon (electuary)', 'Clinical uses of mesenchymal stem cells']"
"['Wojciech Oczko', 'Medical treatment stubs', 'Laser blended vision']"
[]
['Alternative uses for placenta']
"['Prostate steam treatment', 'Transcranial direct-current stimulation', 'Biological engineering']"
[]
"['Targeted temperature management', 'Interventionism (medicine)', 'Facet joint injection']"
"['Ice pack', 'Revalenta arabica', 'Sonodynamic therapy']"
[]
"['Salvage therapy', 'Megavitamin therapy']"
[]
"['Injection lipolysis', 'Intracerebroventricular injection']"
['Medical procedure']
"['Proteases (medical and related uses)', 'Hydrodilatation', 'Laser blended vision']"
"['Arthrocentesis', 'Apheresis', 'Tamagozake']"
[]
"['Medical gas therapy', 'Toxicology treatments']"
"['Preemptive analgesia', 'Celacade']"
['Facet joint injection']
"[""Treatment of Alzheimer's disease"", 'Therapeutic effect', 'Nasal administration']"
[]
"['Allogeneic processed thymus tissue', 'Qigong', 'Strimvelis']"
['Hypothermia therapy for neonatal encephalopathy']
[]
"['Electrotherapy', 'Gene therapy for osteoarthritis']"
['Intraperitoneal injection']
['Somnoplasty']
['Growth attenuation']
"['Tracheal intubation', 'Heptavalent botulism antitoxin']"
[]
"['Strimvelis', 'Intraperitoneal injection']"
"['Wojciech Oczko', 'Granulocyte transfusion']"
[]
"['Qigong', 'Semper rehydration solution']"
"['Chondroprotection', 'Nasogastric intubation']"
"['Pumpable ice technology', 'Neuroreflexotherapy']"
[]
"['Bed rest', 'Time delay toxin activation', 'Dopamine therapy']"
"['Immunoglobulin therapy', 'LILFU', 'Anavip']"
[]
"['Directly observed treatment, short-course', 'Injection lipolysis']"
"['Management of strabismus', 'Prophylactic cranial irradiation']"
"['Negative-pressure wound therapy', 'Laser ablation']"
['Anavip']
"['Knee treatments', 'Intravenous fluids']"
['Epidural steroid injection']
[]
['Knee treatments']
"['Abscopal effect', 'SCAR-Fc', 'Electrotherapeutics']"
['Expiratory apnea']
"['Alglucosidase alfa', 'Medical procedure', 'Intraosseous infusion']"
[]
[]
"['Hormone therapy', 'Negative-pressure wound therapy', 'Abscopal effect']"
['Heroic measure']
[]
"['Bloodletting', 'Growth attenuation', 'Liver support system']"
"['Skunk oil', 'Salvage therapy', 'Peritoneal dialysis']"
"['Dry-powder inhaler', 'Oral rehydration therapy']"
[]
[]
[]
"['Intracerebroventricular injection', 'Medical treatment stubs']"
['Anavip']
[]
[]
['CLaCS']
['Management of multiple sclerosis']
"['Management of scoliosis', 'Facet joint injection', 'Management of obesity']"
['Malotilate']
"['Depot injection', 'Hyperbaric medicine', 'Intermittent vacuum therapy']"
[]
"['Electrotherapy', 'Toxicology treatments']"
"['Hypnotherapy', 'Strimvelis']"
"['Age management medicine', 'Combination therapy']"
"['Management of strabismus', 'Intravitreal administration', 'Diaphragm pacing']"
['Pelvic massage']
[]
"['Intraperitoneal injection', 'Ebola virus disease treatment research']"
['Management of scoliosis']
"['NDR Method', 'Magnesium and depression']"
"['Traction splint', 'Glossopharyngeal breathing']"
[]
"['Dry-powder inhaler', 'List of therapies', 'Therapy']"
"['Toxicology treatments', 'Outpatient parenteral antibiotic therapy']"
['Infection-control measures']
['Interprofessional education']
"['NDR Method', 'Flea treatments']"
"['Mechanical ventilation', 'Electroanalgesia', 'Mydicar']"
['Management of scoliosis']
[]
"['Comedo extraction', 'Light therapy', 'Maintenance therapy']"
['Laparoscopy']
"['Cranial electrotherapy stimulation', 'Procaine blockade', 'Azficel-T']"
['Hydrogel dressing']
"['Pentastarch', 'Depot injection']"
"['Disease-modifying treatment', 'CLaCS', 'Isocentric technique']"
['Dermabrasion']
[]
"['Treatment of sleep disorders', 'Frenkel exercises', 'Transcranial direct-current stimulation']"
['BaleDoneen Method']
"['Electrotherapeutics', 'Treatment of cancer']"
['BaleDoneen Method']
"['Tolerogenic therapy', 'Gene therapy', 'Heating pad']"
"['Poultice', 'Electrical muscle stimulation', 'Intravitreal administration']"
['Liver support system']
"['Intravenous fluids', 'Optoelectronic plethysmography', 'Prophylactic cranial irradiation']"
"['Aguamiel', 'Post-exposure prophylaxis', 'Protein replacement therapy']"
[]
[]
['Hypnotherapy']
['Intermittent vacuum therapy']
['Drugs']
['Remission (medicine)']
[]
[]
['Anthrax immune globulin']
['Strimvelis']
"['Tolerogenic therapy', 'Intracerebroventricular injection']"
[]
['Isocentric technique']
"['Anavip', 'Chronotherapy (sleep phase)']"
['Therapeutic effect']
[]
"['Nasal spray', 'Alternative uses for placenta']"
['Medicinal use of cannabis']
['Medicinal use of cannabis']
['Treatment of mental disorders']
[]
"['Influenza treatment', 'LDL apheresis', 'Infection-control measures']"
[]
"['Influenza treatment', 'Hepatitis B immune globulin']"
"['Preemptive analgesia', 'Chest wall oscillation']"
"['Drugs', 'Bathroom privileges', ""Cell-based therapies for Parkinson's disease""]"
['Plasmapheresis']
['Transdermal continuous oxygen therapy']
['Flea treatments']
[]
['Oral pressure therapy']
"['Aguamiel', 'Mechanical ventilation', 'Endoscopic nasopharyngectomy']"
['Symptomatic treatment']
"['Quaternary prevention', 'Alglucosidase alfa', 'Hyperbaric treatment schedules']"
['Electrotherapy']
[]
"['Maintenance therapy', 'Cranial electrotherapy stimulation']"
['Liver support system']
"['Therapeutic irrigation', 'Age management medicine']"
['Fluid replacement']
['Plasmapheresis']
"['Hormone therapy', 'Comedo extraction', 'Management of obesity']"
['Non-contact normothermic wound therapy']
"['Leukocyte apheresis', 'Chemoprophylaxis']"
['Pneumotherapy']
"['Ethically disputed medical practices', 'Pumpable ice technology', 'Pelvic massage']"
"['Optoelectronic plethysmography', 'Hyperbaric medicine']"
"['Depot injection', 'NDR Method']"
"['Transcranial direct-current stimulation', 'SCAR-Fc']"
['Electroanalgesia']
['Light therapy']
[]
"['Intraosseous infusion', 'Micropore particle technology', 'Cyanoacrylate']"
[]
['Mydicar']
[]
"['Hyperbaric medicine', 'Hot water bottle', 'Injection lipolysis']"
"['Comedo extraction', 'Smile surgery']"
"['Aquablation therapy', 'Reflex locomotion', 'Pneumotherapy']"
"['Plasmapheresis', 'Allogeneic processed thymus tissue']"
[]
"['Dermabrasion', 'Photothermal therapy', 'Pneumotherapy']"
[]
['Electroanalgesia']
[]
"['Light therapy', 'Leukocyte apheresis']"
"['Depot injection', 'Azficel-T']"
[]
"['Enzyme replacement therapy', 'Pulmonary rehabilitation', 'Chondroprotection']"
['Extracorporeal shockwave therapy']
[]
[]
"['Kraamzorg', 'Single-port laparoscopy']"
"['Culdoscopy', 'Sonodynamic therapy']"
['Intracerebroventricular injection']
['Aquablation therapy']
['High-dose estrogen']
['Antiseptic lavage']
"['Pre-exposure prophylaxis', 'Pulmonary examination']"
['Intravenous fluids']
"['Apheresis', 'Smile surgery']"
"['Experimental medical treatments', 'Intermittent vacuum therapy']"
['Combination therapy']
"['Sonodynamic therapy', 'Maintenance therapy']"
[]
[]
['Photopheresis']
[]
[]
"['Bed rest', 'Intraosseous infusion', 'Nasogastric intubation']"
"['Chemoprophylaxis', 'Injection lipolysis']"
[]
['Mechanical ventilation']
['RICE (medicine)']
"['Management of multiple sclerosis', 'Tolerogenic therapy']"
"['Pentastarch', 'Bioartificial liver device', 'Remission (medicine)']"
['Clinical uses of mesenchymal stem cells']
"['Outpatient parenteral antibiotic therapy', 'Rheopheresis', 'Semper rehydration solution']"
[]
"['Reflex locomotion', 'Influenza treatment']"
[]
[]
"['Multiple sclerosis research', 'Medical gas therapy']"
[]
[]
[]
['Prophylactic cranial irradiation']
"['Pastille', 'SCAR-Fc']"
"['Abscopal effect', 'Extracorporeal shockwave therapy', 'Debridement']"
[]
['BaleDoneen Method']
['Salvage therapy']
"['Epidural steroid injection', 'Carbonated soda treatment of phytobezoars']"
"['Heptavalent botulism antitoxin', 'Remission (medicine)', 'Oxygen therapy']"
[]
['Bathroom privileges']
['Athletic taping']
"['Intracerebroventricular injection', 'Hyperimmune globulin', 'Kraamzorg']"
"['Therapeutic effect', 'Pneumotherapy']"
[]
"['Dermabrasion', 'Nasal administration', 'Preemptive analgesia']"
['Intraperitoneal injection']
"['Knee treatments', 'Facet joint injection']"
['Bed rest']
"['Debridement', 'Bone cement']"
[]
[]
"['Nasal sprays', 'Hyperbaric medicine', 'Magnesium and depression']"
[]
[]
"['Pre-exposure prophylaxis', 'Revalenta arabica', 'Dry-powder inhaler']"
[]
[]
"['Comedo extraction', 'LDL apheresis']"
"['Smile surgery', 'Somnoplasty', 'Intravenous fluids']"
['Fluid replacement']
"['Aguamiel', 'Isocentric technique', 'Therapeutic irrigation']"
[]
"['Bcr-Abl tyrosine-kinase inhibitor', 'Medical procedures', 'Bioartificial liver device']"
"['CLaCS', 'Time delay toxin activation', 'Kraamzorg']"
['Drug of last resort']
"['Banding (medical)', 'Treatment of cancer']"
['Respimat']
"['Proteases (medical and related uses)', 'First aid', ""Treatment of Alzheimer's disease""]"
"['Intermittent vacuum therapy', 'Thickened fluids', 'Hot water bottle']"
"['Aguamiel', 'Photopharmacology', 'Hot water bottle']"
"['Heroic measure', 'Pulmonary rehabilitation', 'Endoscopic nasopharyngectomy']"
['Prophylactic cranial irradiation']
"['Intrathecal administration', 'Interprofessional education', 'Time delay toxin activation']"
"['Aguamiel', 'Tamponade', 'Frenkel exercises']"
"['Influenza treatment', 'Hyperbaric treatment schedules']"
"['Peritoneal dialysis', 'Intracerebroventricular injection']"
['Bathroom privileges']
['Negative-pressure wound therapy']
"['Carbonated soda treatment of phytobezoars', 'Growth attenuation', 'Athletic taping']"
"['next page', 'Sonodynamic therapy']"
['Electrical muscle stimulation']
[]
[]
['Hydrodilatation']
[]
"['Immunoglobulin therapy', 'Treatment of cancer', 'Megavitamin therapy']"
"['Dry-powder inhaler', 'Treatment of cancer']"
[]
"['Tamagozake', 'SCAR-Fc']"
"['Oral pressure therapy', 'Dermabrasion']"
"['Traction splint', 'Papworth method', 'Hormone therapy']"
"['Mechanical ventilation', 'Expiratory apnea', 'Pentastarch']"
"['Medicinal use of cannabis', 'Rheopheresis']"
"[""Cell-based therapies for Parkinson's disease"", 'Procaine blockade', 'Cancer treatments']"
['Oral rehydration therapy']
"['Preemptive analgesia', 'Protein replacement therapy', 'Intrathecal administration']"
['Photopheresis']
['Preemptive analgesia']
"['Cancer treatments', 'Oxygen therapy', ""Cell-based therapies for Parkinson's disease""]"
"['Drugs', 'Hypnosis']"
"['Bed rest', 'Peritoneal dialysis']"
[]
[]
['Medical procedures']
['Intravenous fluids']
"['Ice pack', 'Photopharmacology']"
"['NDR Method', 'Intraosseous infusion', 'Drug of last resort']"
"['Chondroprotection', 'Intravenous therapy']"
"['Photothermal therapy', 'Nasal administration']"
"['Pentastarch', 'Intraperitoneal injection', 'Multiple sclerosis research']"
"['Laser blended vision', 'Intraosseous infusion', 'Reflex locomotion']"
[]
['Stem-cell therapy']
[]
"['Pelvic massage', 'Intraosseous infusion']"
"['Bloodletting', 'Transcranial direct-current stimulation']"
['Pentastarch']
['Bioartificial liver device']
"['Oral pressure therapy', 'next page', 'Megavitamin therapy']"
[]
[]
['Laser ablation']
"['Medical treatment stubs', 'Toxicology treatments', 'Bone cement']"
['Combination therapy']
"['Hypnosis', 'Immunotherapy', 'Laser ablation']"
[]
['Oral rehydration therapy']
"['Mechanical ventilation', 'Pulmonary rehabilitation']"
"['Leukapheresis', 'Leukocyte apheresis']"
"['Immunotherapy', 'Targeted temperature management']"
['Chondroprotection']
"['Treatment of sleep disorders', 'Tolerogenic therapy', 'Flea treatments']"
"['Aguamiel', 'Tobacco smoke enema']"
"['Epidural steroid injection', 'High-dose estrogen']"
['Immunosuppression']
"['Intracerebroventricular injection', 'Magnesium and depression', 'Remission (medicine)']"
"['Aquablation therapy', 'Negative-pressure wound therapy']"
[]
"['Carbonated soda treatment of phytobezoars', 'Optoelectronic plethysmography', 'Intravenous therapy']"
[]
['Chest wall oscillation']
['Hyperimmune globulin']
['Antiseptic lavage']
"['Knee treatments', 'Treatment of cancer']"
['Directed therapy']
[]
"['Treatment of sleep disorders', 'Nasal sprays', 'Frenkel exercises']"
"['Athletic taping', 'Cranial electrotherapy stimulation']"
['LDL apheresis']
['Granulocyte transfusion']
['Biological engineering']
"['Management of strabismus', 'CLaCS', 'Negative-pressure wound therapy']"
[]
"['Electrotherapeutics', 'Endoscopic nasopharyngectomy']"
[]
['Isocentric technique']
"['Bcr-Abl tyrosine-kinase inhibitor', 'Management of obesity']"
"['Pumpable ice technology', 'NDR Method']"
[]
[]
[]
"['Bed rest', 'Intravenous therapy', 'Heliox']"
[]
"['Nasal spray', 'RICE (medicine)']"
[]
[]
"['Interventionism (medicine)', 'Hypnotherapy']"
['Light therapy']
"['Directly observed treatment, short-course', 'Tamponade']"
['Combination therapy']
['Treatment of dementia']
[]
"['Thickened fluids', 'Influenza treatment', 'Sonodynamic therapy']"
['Chronotherapy (sleep phase)']
"['CLaCS', 'Maggot therapy', 'Nerve induction']"
"['Electrical muscle stimulation', 'Bioartificial liver device', 'Dermabrasion']"
[]
[]
"['Pre-exposure prophylaxis', 'Hot water bottle', 'Dry-powder inhaler']"
"['Alternative medical treatments', 'Celacade']"
"['List of therapies', 'Arthrocentesis']"
"['Negative-pressure wound therapy', 'Post-exposure prophylaxis']"
[]
['Poultice']
[]
['Culdoscopy']
[]
[]
"['Extracorporeal shockwave therapy', 'Alglucosidase alfa', 'Chronotherapy (sleep phase)']"
"['Treatment of mental disorders', 'Medical procedures']"
['Electrotherapy']
"['Influenza treatment', 'Liver support system']"
[]
[]
[]
[]
"['Directly observed treatment, short-course', 'Hepatitis B immune globulin']"
['Interventionism (medicine)']
[]
['Experimental medical treatments']
[]
"['Catholicon (electuary)', 'Bathroom privileges', 'First aid']"
"['Multiple sclerosis research', 'Photopharmacology', 'Laser blended vision']"
"[""Treatment of Alzheimer's disease"", 'Medical tourism', 'Pulmonary examination']"
"['Hydrogogue', 'Electrical muscle stimulation', 'Laparoscopy']"
"['Clinical uses of mesenchymal stem cells', 'Sonodynamic therapy', 'Bed rest']"
['Banding (medical)']
"['Management of obesity', 'Therapeutic irrigation']"
['Celacade']
"['SCAR-Fc', 'LILFU', 'Oral rehydration therapy']"
"['Pre-exposure prophylaxis', 'LDL apheresis', 'next page']"
['Apheresis']
"['Electrotherapeutics', 'Post-exposure prophylaxis']"
[]
['Pre-exposure prophylaxis']
"['Bloodletting', 'Oxygen therapy']"
[]
[]
['Ebola virus disease treatment research']
[]
"['Hot water bottle', 'Non-contact normothermic wound therapy']"
"['Medical treatment stubs', 'Targeted temperature management']"
"['Transdermal continuous oxygen therapy', 'Granulocyte transfusion']"
[]
[]
['Anthrax immune globulin']
[]
"['Laser ablation', 'Hyperbaric medicine', 'Injection lipolysis']"
[]
"['Management of scoliosis', 'Electroanalgesia', 'Medical tourism']"
[]
[]
"['Therapy', 'Outpatient parenteral antibiotic therapy']"
['Salvage therapy']
[]
[]
"['Time delay toxin activation', 'Nasal administration']"
['Electrical muscle stimulation']
['Growth attenuation']
"['Heating pad', 'Therapeutic irrigation']"
"['Chondroprotection', 'Hypnosis']"
"['Diaphragm pacing', 'Medical tourism', 'Kraamzorg']"
[]
"['Chemoprophylaxis', 'Isocentric technique', 'Hyperbaric medicine']"
"['Dry-powder inhaler', 'Mydicar']"
[]
['Quaternary prevention']
[]
"['Alternative uses for placenta', 'Frenkel exercises']"
"['Hydrodilatation', 'Hyperbaric medicine', 'Management of obesity']"
['Leukocyte apheresis']
[]
[]
[]
[]
['Tamagozake']
"['Tolerogenic therapy', 'Abscopal effect', 'Maintenance therapy']"
[]
[]
['Bathroom privileges']
['Heroic measure']
[]
['Self-administration']
[]
"['Interprofessional education', 'Immunoglobulin therapy', 'Leukapheresis']"
[]
"['Tracheal intubation', 'Athletic taping']"
"['Post-exposure prophylaxis', 'Symptomatic treatment', 'This list may not reflect recent changes']"
['Interprofessional education']
['BaleDoneen Method']
[]
[]
"['Celacade', 'Maintenance therapy']"
"['Tobacco smoke enema', 'Management of scoliosis', 'Pastille']"
['Drug of last resort']
"['List of therapies', 'Single-port laparoscopy']"
[]
"['Optoelectronic plethysmography', 'Catholicon (electuary)', 'Thickened fluids']"
"['Sonodynamic therapy', 'Revalenta arabica', 'Electrical muscle stimulation']"
"['Cyanoacrylate', 'Laser blended vision', 'Immunotherapy']"
['Pelvic massage']
